,GATE_NAME,GATE_TYPE,BOOL_FUNC,VARIABLES,CONTROL_VECTOR,MEAN,MEDIAN,SIZE
0,U111,AO21X1,(((((((! ((! net_183) | (! net_75))) | (! ((! net_111) | (! net_75)))) & (((! net_76) | (! (! net_106))) & ((! net_78) | (! ((! net_124) | ((! net_123) | ((! net_121) | (! net_122)))))))) & ((net_72 & (! net_106)) | ((((! net_111) | (! net_71)) & (net_168 | net_69)) | (net_74 & ((! net_124) | ((! net_123) | ((! net_121) | (! net_122)))))))) | (((! ((net_68 & (! net_106)) | ((net_70 & ((! net_124) | ((! net_123) | ((! net_121) | (! net_122))))) | net_112))) & ((net_64 & (! net_106)) | ((net_66 & ((! net_124) | ((! net_123) | ((! net_121) | (! net_122))))) | ((net_61 & ((! net_179) | ((! net_178) | ((! (net_168 | net_69)) | (! net_177))))) | net_174)))) | (! ((net_60 & (! net_106)) | ((net_119 & net_120) | (net_62 & ((! net_124) | ((! net_123) | ((! net_121) | (! net_122)))))))))) & ((net_56 & (! net_106)) | ((net_58 & ((! net_124) | ((! net_123) | ((! net_121) | (! net_122))))) | ((net_53 & ((! net_179) | ((! net_178) | ((! (net_168 | net_69)) | (! net_177))))) | (! net_55))))) | (! ((net_52 & (! net_106)) | ((((! net_111) | (! net_51)) & ((! net_182) | (! net_51))) | (net_54 & ((! net_124) | ((! net_123) | ((! net_121) | (! net_122))))))))),"['net_106', 'net_111', 'net_112', 'net_119', 'net_120', 'net_121', 'net_122', 'net_123', 'net_124', 'net_168', 'net_174', 'net_177', 'net_178', 'net_179', 'net_182', 'net_183', 'net_51', 'net_52', 'net_53', 'net_54', 'net_55', 'net_56', 'net_58', 'net_60', 'net_61', 'net_62', 'net_64', 'net_66', 'net_68', 'net_69', 'net_70', 'net_71', 'net_72', 'net_74', 'net_75', 'net_76', 'net_78']","[0.267, 0.0895, 0.1541, 0.104, 0.1017, 0.0345, 0.0342, 0.0344, 0.0342, 0.0124, 0.0178, 0.0096, 0.0098, 0.0091, 0.0554, 0.0342, 0.1576, 0.0692, 0.0799, 0.1446, 0.0931, 0.0229, 0.0797, 0.1339, 0.0157, 0.2932, 0.0057, 0.0179, 0.0751, 0.0089, 0.1397, 0.0104, 0.0092, 0.0205, 0.0943, 0.0482, 0.0896]",0.07057297297297298,0.0482,37
0,U112,INVX0,(! ((net_52 & (! ((! net_163) & ((! net_162) & ((! net_143) & (! net_161)))))) | ((((! (! net_82)) | (! net_51)) & ((! (! net_49)) | (! net_51))) | (net_54 & ((! (net_128 & (net_127 & (net_125 & net_126)))) | ((! (((! net_144) | (! net_145)) & (((! net_146) | (! net_147)) & ((! net_148) | (! net_149))))) | ((! ((! net_108) | ((! net_105) | (! net_159)))) | (! ((! net_157) | ((! net_155) | (! net_156))))))))))),"['net_105', 'net_108', 'net_125', 'net_126', 'net_127', 'net_128', 'net_143', 'net_144', 'net_145', 'net_146', 'net_147', 'net_148', 'net_149', 'net_155', 'net_156', 'net_157', 'net_159', 'net_161', 'net_162', 'net_163', 'net_49', 'net_51', 'net_52', 'net_54', 'net_82']","[0.0005, 0.001, 0.0038, 0.0037, 0.0041, 0.0053, 0.012, 0.001, 0.0015, 0.0016, 0.0015, 0.0016, 0.0011, 0.0008, 0.0004, 0.0001, 0.0005, 0.0111, 0.011, 0.0115, 0.0667, 0.1986, 0.1801, 0.1999, 0.0655]",0.031396,0.0037,25
0,U113,AO221X1,(((((! ((! (! net_73)) | (! net_75))) | (! ((! (! ((! net_179) | ((! net_178) | ((! ((! net_71) | net_69)) | (! net_177)))))) | (! net_75)))) & (((! net_76) | (! (! net_106))) & ((! net_78) | (! ((! net_124) | ((! net_123) | ((! net_121) | (! net_122)))))))) & ((net_72 & (! net_106)) | ((((! (! ((! net_179) | ((! net_178) | ((! ((! net_71) | net_69)) | (! net_177)))))) | (! net_71)) & ((! net_71) | net_69)) | (net_74 & ((! net_124) | ((! net_123) | ((! net_121) | (! net_122)))))))) | (((! ((net_68 & (! net_106)) | ((net_70 & ((! net_124) | ((! net_123) | ((! net_121) | (! net_122))))) | ((net_65 & ((! net_179) | ((! net_178) | ((! ((! net_71) | net_69)) | (! net_177))))) | net_169)))) & ((net_64 & (! net_106)) | ((net_66 & ((! net_124) | ((! net_123) | ((! net_121) | (! net_122))))) | ((net_61 & ((! net_179) | ((! net_178) | ((! ((! net_71) | net_69)) | (! net_177))))) | (! net_63))))) | (! ((net_60 & (! net_106)) | ((((! (! ((! net_179) | ((! net_178) | ((! ((! net_71) | net_69)) | (! net_177)))))) | (! net_59)) & ((! net_181) | (! net_59))) | (net_62 & ((! net_124) | ((! net_123) | ((! net_121) | (! net_122)))))))))),"['net_106', 'net_121', 'net_122', 'net_123', 'net_124', 'net_169', 'net_177', 'net_178', 'net_179', 'net_181', 'net_59', 'net_60', 'net_61', 'net_62', 'net_63', 'net_64', 'net_65', 'net_66', 'net_68', 'net_69', 'net_70', 'net_71', 'net_72', 'net_73', 'net_74', 'net_75', 'net_76', 'net_78']","[0.1617, 0.0248, 0.0228, 0.0224, 0.0234, 0.1445, 0.0351, 0.0398, 0.0371, 0.1448, 0.1717, 0.0596, 0.0154, 0.1595, 0.0234, 0.0055, 0.1229, 0.0177, 0.0556, 0.0295, 0.1426, 0.0336, 0.0053, 0.1235, 0.02, 0.1485, 0.0562, 0.1377]",0.07087857142857143,0.03845,28
0,U114,INVX0,(! ((net_60 & (! ((! net_163) & ((! net_162) & ((! net_143) & (! net_161)))))) | ((((! (! net_82)) | (! net_59)) & ((! (! net_57)) | (! net_59))) | (net_62 & ((! (net_128 & (net_127 & (net_125 & net_126)))) | ((! (((! net_144) | (! net_145)) & (((! net_146) | (! net_147)) & ((! net_148) | (! net_149))))) | ((! ((! net_108) | ((! net_105) | (! net_159)))) | (! ((! net_157) | ((! net_155) | (! net_156))))))))))),"['net_105', 'net_108', 'net_125', 'net_126', 'net_127', 'net_128', 'net_143', 'net_144', 'net_145', 'net_146', 'net_147', 'net_148', 'net_149', 'net_155', 'net_156', 'net_157', 'net_159', 'net_161', 'net_162', 'net_163', 'net_57', 'net_59', 'net_60', 'net_62', 'net_82']","[0.0006, 0.0007, 0.0041, 0.0047, 0.0042, 0.0036, 0.0101, 0.0015, 0.0019, 0.0018, 0.0013, 0.0011, 0.0016, 0.0004, 0.0005, 0.0007, 0.0002, 0.0108, 0.012, 0.0128, 0.0679, 0.2071, 0.1757, 0.193, 0.0698]",0.031524,0.0036,25
0,U115,INVX0,(! ((net_68 & (! ((! net_163) & ((! net_162) & ((! net_143) & (! net_161)))))) | ((net_70 & ((! (net_128 & (net_127 & (net_125 & net_126)))) | ((! (((! net_144) | (! net_145)) & (((! net_146) | (! net_147)) & ((! net_148) | (! net_149))))) | ((! ((! net_108) | ((! net_105) | (! net_159)))) | (! ((! net_157) | ((! net_155) | (! net_156)))))))) | ((net_65 & ((! net_179) | ((! net_178) | ((! net_110) | (! net_177))))) | (! net_67))))),"['net_105', 'net_108', 'net_110', 'net_125', 'net_126', 'net_127', 'net_128', 'net_143', 'net_144', 'net_145', 'net_146', 'net_147', 'net_148', 'net_149', 'net_155', 'net_156', 'net_157', 'net_159', 'net_161', 'net_162', 'net_163', 'net_177', 'net_178', 'net_179', 'net_65', 'net_67', 'net_68', 'net_70']","[0.0005, 0.0004, 0.0102, 0.0034, 0.0027, 0.0026, 0.0033, 0.0092, 0.0011, 0.0012, 0.0014, 0.0004, 0.0009, 0.0008, 0.0004, 0.0006, 0.0003, 0.0005, 0.0075, 0.0092, 0.0067, 0.0079, 0.0094, 0.0091, 0.1302, 0.1432, 0.1315, 0.1461]",0.022882142857142858,0.003,28
0,U116,NAND3X0,((! ((! ((! ((net_72 & (! net_106)) | ((net_109 & net_110) | (net_74 & ((! net_124) | ((! net_123) | ((! net_121) | (! net_122)))))))) | (! ((net_68 & (! net_106)) | ((net_70 & ((! net_124) | ((! net_123) | ((! net_121) | (! net_122))))) | net_112))))) | ((! ((net_64 & (! net_106)) | ((net_66 & ((! net_124) | ((! net_123) | ((! net_121) | (! net_122))))) | ((net_61 & ((! net_179) | ((! net_178) | ((! net_110) | (! net_177))))) | net_174)))) | (! ((net_60 & (! net_106)) | ((((! (! ((! net_179) | ((! net_178) | ((! net_110) | (! net_177)))))) | (! net_59)) & ((! net_181) | (! net_59))) | (net_62 & ((! net_124) | ((! net_123) | ((! net_121) | (! net_122))))))))))) | ((! ((net_56 & (! net_106)) | ((net_58 & ((! net_124) | ((! net_123) | ((! net_121) | (! net_122))))) | ((net_53 & ((! net_179) | ((! net_178) | ((! net_110) | (! net_177))))) | (! net_55))))) | (! ((net_52 & (! net_106)) | ((((! (! ((! net_179) | ((! net_178) | ((! net_110) | (! net_177)))))) | (! net_51)) & ((! (! net_49)) | (! net_51))) | (net_54 & ((! net_124) | ((! net_123) | ((! net_121) | (! net_122)))))))))),"['net_106', 'net_109', 'net_110', 'net_112', 'net_121', 'net_122', 'net_123', 'net_124', 'net_174', 'net_177', 'net_178', 'net_179', 'net_181', 'net_49', 'net_51', 'net_52', 'net_53', 'net_54', 'net_55', 'net_56', 'net_58', 'net_59', 'net_60', 'net_61', 'net_62', 'net_64', 'net_66', 'net_68', 'net_70', 'net_72', 'net_74']","[0.2586, 0.0891, 0.1077, 0.1597, 0.0324, 0.0361, 0.0322, 0.0318, 0.0658, 0.0172, 0.0175, 0.0195, 0.0574, 0.1096, 0.1171, 0.0502, 0.0999, 0.11, 0.1141, 0.0483, 0.116, 0.0638, 0.0175, 0.0575, 0.0582, 0.0161, 0.0573, 0.0799, 0.1548, 0.1305, 0.266]",0.08360645161290323,0.0638,31
0,U117,NAND3X0,((! ((! ((net_72 & (! net_106)) | ((((! (! ((! net_179) | ((! net_178) | ((! (net_168 | net_69)) | (! net_177)))))) | (! net_71)) & (net_168 | net_69)) | (net_74 & ((! net_124) | ((! net_123) | ((! net_121) | (! net_122)))))))) | (! ((net_68 & (! net_106)) | ((net_70 & ((! net_124) | ((! net_123) | ((! net_121) | (! net_122))))) | ((net_65 & ((! net_179) | ((! net_178) | ((! (net_168 | net_69)) | (! net_177))))) | net_169)))))) | ((! ((net_64 & (! net_106)) | ((net_66 & ((! net_124) | ((! net_123) | ((! net_121) | (! net_122))))) | ((net_61 & ((! net_179) | ((! net_178) | ((! (net_168 | net_69)) | (! net_177))))) | (! net_63))))) | (! ((net_60 & (! net_106)) | ((((! (! ((! net_179) | ((! net_178) | ((! (net_168 | net_69)) | (! net_177)))))) | (! net_59)) & ((! (! net_57)) | (! net_59))) | (net_62 & ((! net_124) | ((! net_123) | ((! net_121) | (! net_122)))))))))),"['net_106', 'net_121', 'net_122', 'net_123', 'net_124', 'net_168', 'net_169', 'net_177', 'net_178', 'net_179', 'net_57', 'net_59', 'net_60', 'net_61', 'net_62', 'net_63', 'net_64', 'net_65', 'net_66', 'net_68', 'net_69', 'net_70', 'net_71', 'net_72', 'net_74']","[0.1115, 0.016, 0.018, 0.0173, 0.0173, 0.1326, 0.141, 0.03, 0.0352, 0.0329, 0.0363, 0.0458, 0.0104, 0.0363, 0.0405, 0.046, 0.0111, 0.1257, 0.0347, 0.0568, 0.1339, 0.1301, 0.0159, 0.0616, 0.1402]",0.059084,0.0363,25
0,U118,NOR2X0,((! ((! ((! ((net_72 & (! ((! ((! net_137) | ((! net_141) | ((! net_152) | (! net_164))))) & ((! (net_153 | (net_150 | net_158))) & ((! ((! net_115) & (! net_56))) & (! (! net_160))))))) | ((net_109 & net_110) | (net_74 & ((! net_124) | ((! net_123) | ((! net_121) | (! net_122)))))))) | (! ((net_68 & (! ((! ((! net_137) | ((! net_141) | ((! net_152) | (! net_164))))) & ((! (net_153 | (net_150 | net_158))) & ((! ((! net_115) & (! net_56))) & (! (! net_160))))))) | ((net_70 & ((! net_124) | ((! net_123) | ((! net_121) | (! net_122))))) | net_112))))) & ((! (((! ((! net_183) | (! net_75))) | (! ((! net_111) | (! net_75)))) & (((! net_76) | (! (! ((! ((! net_137) | ((! net_141) | ((! net_152) | (! net_164))))) & ((! (net_153 | (net_150 | net_158))) & ((! ((! net_115) & (! net_56))) & (! (! net_160)))))))) & ((! net_78) | (! ((! net_124) | ((! net_123) | ((! net_121) | (! net_122))))))))) & ((! net_79) & (! ((! ((net_56 & (! ((! ((! net_137) | ((! net_141) | ((! net_152) | (! net_164))))) & ((! (net_153 | (net_150 | net_158))) & ((! ((! net_115) & (! net_56))) & (! (! net_160))))))) | ((net_58 & ((! net_124) | ((! net_123) | ((! net_121) | (! net_122))))) | net_115))) | ((! ((net_52 & (! ((! ((! net_137) | ((! net_141) | ((! net_152) | (! net_164))))) & ((! (net_153 | (net_150 | net_158))) & ((! ((! net_115) & (! net_56))) & (! (! net_160))))))) | ((net_116 & net_117) | (net_54 & ((! net_124) | ((! net_123) | ((! net_121) | (! net_122)))))))) | ((! ((net_64 & (! ((! ((! net_137) | ((! net_141) | ((! net_152) | (! net_164))))) & ((! (net_153 | (net_150 | net_158))) & ((! ((! net_115) & (! net_56))) & (! (! net_160))))))) | ((net_66 & ((! net_124) | ((! net_123) | ((! net_121) | (! net_122))))) | net_118))) | (! ((net_60 & (! ((! ((! net_137) | ((! net_141) | ((! net_152) | (! net_164))))) & ((! (net_153 | (net_150 | net_158))) & ((! ((! net_115) & (! net_56))) & (! (! net_160))))))) | ((net_119 & net_120) | (net_62 & ((! net_124) | ((! net_123) | ((! net_121) | (! net_122)))))))))))))))) & (! ((((! net_46) | (! ((! net_179) | ((! net_178) | ((! net_110) | (! net_177)))))) & (! (! net_47))) & (((! ((! net_124) | ((! net_123) | ((! net_121) | (! net_122))))) | (! net_50)) & (((! ((! net_137) | ((! net_141) | ((! net_152) | (! net_164))))) & ((! (net_153 | (net_150 | net_158))) & ((! ((! net_115) & (! net_56))) & (! (! net_160))))) | (! net_48)))))),"['net_109', 'net_110', 'net_111', 'net_112', 'net_115', 'net_116', 'net_117', 'net_118', 'net_119', 'net_120', 'net_121', 'net_122', 'net_123', 'net_124', 'net_137', 'net_141', 'net_150', 'net_152', 'net_153', 'net_158', 'net_160', 'net_164', 'net_177', 'net_178', 'net_179', 'net_183', 'net_46', 'net_47', 'net_48', 'net_50', 'net_52', 'net_54', 'net_56', 'net_58', 'net_60', 'net_62', 'net_64', 'net_66', 'net_68', 'net_70', 'net_72', 'net_74', 'net_75', 'net_76', 'net_78', 'net_79']","[0.0196, 0.0333, 0.01, 0.0417, 0.0414, 0.0256, 0.0209, 0.0447, 0.0227, 0.0228, 0.0178, 0.0219, 0.0209, 0.0186, 0.0009, 0.0016, 0.0009, 0.0006, 0.0011, 0.0008, 0.0011, 0.0008, 0.0067, 0.0062, 0.0082, 0.0088, 0.1115, 0.1207, 0.1189, 0.1023, 0.0705, 0.0651, 0.0427, 0.0407, 0.0662, 0.0582, 0.0408, 0.0421, 0.0441, 0.0411, 0.0685, 0.067, 0.0331, 0.0283, 0.0294, 0.2934]",0.04096086956521739,0.02885,46
0,U119,OA221X1,((((! net_46) | (! ((! (net_180 & ((net_130 | net_77) & (net_175 | net_53)))) | ((! ((! net_173) & ((! net_166) & (! net_171)))) | ((! (net_168 | net_69)) | (! ((! net_47) | net_46))))))) & (! (! net_47))) & (((! ((! (net_128 & (net_127 & (net_125 & net_126)))) | ((! (((! net_144) | (! net_145)) & (((! net_146) | (! net_147)) & ((! net_148) | (! net_149))))) | ((! ((! (((! net_46) | (! ((! (net_180 & ((net_130 | net_77) & (net_175 | net_53)))) | ((! ((! net_173) & ((! net_166) & (! net_171)))) | ((! (net_168 | net_69)) | (! ((! net_47) | net_46))))))) & (! (! net_47)))) | ((! (! net_50)) | (! net_159)))) | (! ((! net_157) | ((! net_155) | (! net_156)))))))) | (! net_50)) & (((! ((! ((! net_136) | (! net_165))) | ((! ((! net_140) | (! net_167))) | ((! (net_112 | net_68)) | (! ((! net_79) | ((! net_132) | (! net_133)))))))) & ((! (((! net_170) & (! net_52)) | (((! net_118) & (! net_64)) | ((! net_172) & (! net_60))))) & ((! ((! ((net_53 & ((! (net_180 & ((net_130 | net_77) & (net_175 | net_53)))) | ((! ((! net_173) & ((! net_166) & (! net_171)))) | ((! (net_168 | net_69)) | (! ((! net_47) | net_46)))))) | net_175)) & (! net_56))) & (! (! ((! (! net_48)) | (! (((! net_46) | (! ((! (net_180 & ((net_130 | net_77) & (net_175 | net_53)))) | ((! ((! net_173) & ((! net_166) & (! net_171)))) | ((! (net_168 | net_69)) | (! ((! net_47) | net_46))))))) & (! (! net_47)))))))))) | (! net_48)))),"['net_112', 'net_118', 'net_125', 'net_126', 'net_127', 'net_128', 'net_130', 'net_132', 'net_133', 'net_136', 'net_140', 'net_144', 'net_145', 'net_146', 'net_147', 'net_148', 'net_149', 'net_155', 'net_156', 'net_157', 'net_159', 'net_165', 'net_166', 'net_167', 'net_168', 'net_170', 'net_171', 'net_172', 'net_173', 'net_175', 'net_180', 'net_46', 'net_47', 'net_48', 'net_50', 'net_52', 'net_53', 'net_56', 'net_60', 'net_64', 'net_68', 'net_69', 'net_77', 'net_79']","[0.0071, 0.0056, 0.0034, 0.0037, 0.0021, 0.0029, 0.0017, 0.0027, 0.0034, 0.0062, 0.0073, 0.0005, 0.0009, 0.0012, 0.0013, 0.001, 0.0008, 0.0003, 0.0005, 0.0005, 0.0, 0.0056, 0.003, 0.0064, 0.0006, 0.0078, 0.0031, 0.0055, 0.0047, 0.0043, 0.0046, 0.1417, 0.1495, 0.1127, 0.1471, 0.0048, 0.0037, 0.0015, 0.0065, 0.0065, 0.0071, 0.0016, 0.0013, 0.0025]",0.015572727272727273,0.0034,44
0,U120,INVX0,(! ((! ((net_131 | (net_81 | (net_129 | net_130))) & (((! net_136) | ((! net_134) | (! net_135))) & ((net_115 | (net_142 | net_58)) & ((! net_140) | ((! net_138) | (! net_139))))))) | ((! (((! (net_154 & (net_106 | net_153))) | (! (net_51 & (net_111 | net_171)))) & (((! (((! net_152) | (! net_83)) & (! net_70))) | (! (! net_112))) & ((! (net_151 & (net_106 | net_150))) | (! (! net_118)))))) | ((! ((! (((! net_46) | (! net_82)) & (! net_176))) | ((! (! net_50)) | (! ((! net_160) | (! net_83)))))) | (! ((! (net_59 & (net_111 | net_173))) | ((! (net_106 | net_158)) | (! (! net_62))))))))),"['net_106', 'net_111', 'net_112', 'net_115', 'net_118', 'net_129', 'net_130', 'net_131', 'net_134', 'net_135', 'net_136', 'net_138', 'net_139', 'net_140', 'net_142', 'net_150', 'net_151', 'net_152', 'net_153', 'net_154', 'net_158', 'net_160', 'net_171', 'net_173', 'net_176', 'net_46', 'net_50', 'net_51', 'net_58', 'net_59', 'net_62', 'net_70', 'net_81', 'net_82', 'net_83']","[0.0921, 0.0551, 0.1237, 0.0788, 0.1182, 0.0367, 0.038, 0.0354, 0.076, 0.0776, 0.0769, 0.0831, 0.0787, 0.0772, 0.0739, 0.0469, 0.1161, 0.0436, 0.0331, 0.0799, 0.0352, 0.0331, 0.0277, 0.027, 0.0843, 0.0271, 0.0903, 0.0781, 0.0799, 0.0835, 0.0811, 0.1172, 0.0381, 0.0291, 0.0682]",0.06688285714285715,0.0769,35
0,U121,NOR4X0,((! ((! ((net_72 & (! net_106)) | ((((! (! net_82)) | (! net_71)) & (net_168 | net_69)) | (net_74 & ((! net_124) | ((! net_123) | ((! net_121) | (! net_122)))))))) | (! ((net_68 & (! net_106)) | ((net_70 & ((! net_124) | ((! net_123) | ((! net_121) | (! net_122))))) | ((net_65 & net_82) | net_169)))))) & ((! (((! ((! (! net_73)) | (! net_75))) | (! ((! (! net_82)) | (! net_75)))) & (((! net_76) | (! (! net_106))) & ((! net_78) | (! ((! net_124) | ((! net_123) | ((! net_121) | (! net_122))))))))) & ((! net_79) & (! ((! ((net_56 & (! net_106)) | ((net_58 & ((! net_124) | ((! net_123) | ((! net_121) | (! net_122))))) | ((net_53 & net_82) | net_175)))) | ((! ((net_52 & (! net_106)) | ((((! (! net_82)) | (! net_51)) & ((! net_182) | (! net_51))) | (net_54 & ((! net_124) | ((! net_123) | ((! net_121) | (! net_122)))))))) | ((! ((net_64 & (! net_106)) | ((net_66 & ((! net_124) | ((! net_123) | ((! net_121) | (! net_122))))) | ((net_61 & net_82) | net_174)))) | (! ((net_60 & (! net_106)) | ((((! (! net_82)) | (! net_59)) & ((! net_181) | (! net_59))) | (net_62 & ((! net_124) | ((! net_123) | ((! net_121) | (! net_122))))))))))))))),"['net_106', 'net_121', 'net_122', 'net_123', 'net_124', 'net_168', 'net_169', 'net_174', 'net_175', 'net_181', 'net_182', 'net_51', 'net_52', 'net_53', 'net_54', 'net_56', 'net_58', 'net_59', 'net_60', 'net_61', 'net_62', 'net_64', 'net_65', 'net_66', 'net_68', 'net_69', 'net_70', 'net_71', 'net_72', 'net_73', 'net_74', 'net_75', 'net_76', 'net_78', 'net_79', 'net_82']","[0.1283, 0.013, 0.0121, 0.013, 0.0152, 0.0316, 0.045, 0.0455, 0.0444, 0.0252, 0.025, 0.0482, 0.0222, 0.0251, 0.0482, 0.0227, 0.0439, 0.0498, 0.0233, 0.0237, 0.0431, 0.0279, 0.0239, 0.0419, 0.0216, 0.0299, 0.0469, 0.0192, 0.0276, 0.0238, 0.0512, 0.0495, 0.0232, 0.0444, 0.3709, 0.1292]",0.046655555555555554,0.028900000000000002,36
0,U122,NAND2X0,((! ((net_72 & (! ((! net_163) & ((! net_162) & ((! net_143) & (! net_161)))))) | ((((! (! ((! net_179) | ((! net_178) | ((! ((! net_71) | net_69)) | (! net_177)))))) | (! net_71)) & ((! net_71) | net_69)) | (net_74 & ((! (net_128 & (net_127 & (net_125 & net_126)))) | ((! (((! net_144) | (! net_145)) & (((! net_146) | (! net_147)) & ((! net_148) | (! net_149))))) | ((! ((! net_108) | ((! net_105) | (! net_159)))) | (! ((! net_157) | ((! net_155) | (! net_156))))))))))) | (! ((net_68 & (! ((! net_163) & ((! net_162) & ((! net_143) & (! net_161)))))) | ((net_70 & ((! (net_128 & (net_127 & (net_125 & net_126)))) | ((! (((! net_144) | (! net_145)) & (((! net_146) | (! net_147)) & ((! net_148) | (! net_149))))) | ((! ((! net_108) | ((! net_105) | (! net_159)))) | (! ((! net_157) | ((! net_155) | (! net_156)))))))) | ((net_65 & ((! net_179) | ((! net_178) | ((! ((! net_71) | net_69)) | (! net_177))))) | (! net_67)))))),"['net_105', 'net_108', 'net_125', 'net_126', 'net_127', 'net_128', 'net_143', 'net_144', 'net_145', 'net_146', 'net_147', 'net_148', 'net_149', 'net_155', 'net_156', 'net_157', 'net_159', 'net_161', 'net_162', 'net_163', 'net_177', 'net_178', 'net_179', 'net_65', 'net_67', 'net_68', 'net_69', 'net_70', 'net_71', 'net_72', 'net_74']","[0.0008, 0.0008, 0.0049, 0.0053, 0.0065, 0.0056, 0.0135, 0.002, 0.0017, 0.0014, 0.002, 0.0015, 0.0017, 0.0014, 0.0007, 0.0004, 0.0006, 0.016, 0.0157, 0.0144, 0.0289, 0.0274, 0.0289, 0.1088, 0.131, 0.1212, 0.1125, 0.1326, 0.1374, 0.1266, 0.1339]",0.038261290322580646,0.0065,31
0,U123,AO222X1,((net_72 & (! ((! ((! net_137) | ((! net_141) | ((! net_152) | (! net_164))))) & ((! (net_153 | (net_150 | net_158))) & ((! ((! net_115) & (! net_56))) & (! (! net_160))))))) | ((((! (! ((! net_179) | ((! net_178) | ((! ((! net_71) | net_69)) | (! net_177)))))) | (! net_71)) & ((! net_71) | net_69)) | (net_74 & ((! ((net_131 | (net_81 | (net_129 | net_130))) & (((! net_136) | ((! net_134) | (! net_135))) & ((net_115 | (net_142 | net_58)) & ((! net_140) | ((! net_138) | (! net_139))))))) | ((! (((! (net_154 & (((! ((! net_137) | ((! net_141) | ((! net_152) | (! net_164))))) & ((! (net_153 | (net_150 | net_158))) & ((! ((! net_115) & (! net_56))) & (! (! net_160))))) | net_153))) | (! (net_51 & ((! ((! net_179) | ((! net_178) | ((! ((! net_71) | net_69)) | (! net_177))))) | net_171)))) & (((! (((! net_152) | (! (! ((! ((! net_137) | ((! net_141) | ((! net_152) | (! net_164))))) & ((! (net_153 | (net_150 | net_158))) & ((! ((! net_115) & (! net_56))) & (! (! net_160)))))))) & (! net_70))) | (! (! net_112))) & ((! (net_151 & (((! ((! net_137) | ((! net_141) | ((! net_152) | (! net_164))))) & ((! (net_153 | (net_150 | net_158))) & ((! ((! net_115) & (! net_56))) & (! (! net_160))))) | net_150))) | (! (! net_118)))))) | ((! ((! (((! net_46) | (! ((! net_179) | ((! net_178) | ((! ((! net_71) | net_69)) | (! net_177)))))) & (! net_176))) | ((! (! net_50)) | (! ((! net_160) | (! (! ((! ((! net_137) | ((! net_141) | ((! net_152) | (! net_164))))) & ((! (net_153 | (net_150 | net_158))) & ((! ((! net_115) & (! net_56))) & (! (! net_160)))))))))))) | (! ((! (net_59 & ((! ((! net_179) | ((! net_178) | ((! ((! net_71) | net_69)) | (! net_177))))) | net_173))) | ((! (((! ((! net_137) | ((! net_141) | ((! net_152) | (! net_164))))) & ((! (net_153 | (net_150 | net_158))) & ((! ((! net_115) & (! net_56))) & (! (! net_160))))) | net_158)) | (! (! net_62))))))))))),"['net_112', 'net_115', 'net_118', 'net_129', 'net_130', 'net_131', 'net_134', 'net_135', 'net_136', 'net_137', 'net_138', 'net_139', 'net_140', 'net_141', 'net_142', 'net_150', 'net_151', 'net_152', 'net_153', 'net_154', 'net_158', 'net_160', 'net_164', 'net_171', 'net_173', 'net_176', 'net_177', 'net_178', 'net_179', 'net_46', 'net_50', 'net_51', 'net_56', 'net_58', 'net_59', 'net_62', 'net_69', 'net_70', 'net_71', 'net_72', 'net_74', 'net_81']","[0.0088, 0.008, 0.0071, 0.0039, 0.0029, 0.0051, 0.0077, 0.0085, 0.0087, 0.0006, 0.0081, 0.0074, 0.0094, 0.0005, 0.0072, 0.0091, 0.0072, 0.0089, 0.0047, 0.0033, 0.0042, 0.0042, 0.0004, 0.004, 0.0042, 0.0045, 0.0209, 0.0205, 0.0209, 0.0029, 0.0038, 0.0036, 0.0003, 0.007, 0.0045, 0.004, 0.154, 0.0085, 0.2032, 0.1966, 0.0829, 0.0038]",0.021095238095238094,0.007050000000000001,42
0,U124,NAND2X0,((! (! ((! (net_180 & ((net_130 | net_77) & (net_175 | net_53)))) | ((! ((! net_173) & ((! net_166) & (! net_171)))) | ((! (net_168 | net_69)) | (! (net_176 | net_46))))))) | (! net_71)),"['net_130', 'net_166', 'net_168', 'net_171', 'net_173', 'net_175', 'net_176', 'net_180', 'net_46', 'net_53', 'net_69', 'net_71', 'net_77']","[0.006591796875, 0.019775390625, 0.006591796875, 0.019775390625, 0.019775390625, 0.006591796875, 0.006591796875, 0.019775390625, 0.006591796875, 0.006591796875, 0.006591796875, 0.019775390625, 0.006591796875]",0.01166240985576923,0.006591796875,13
0,U125,AO221X1,((net_68 & (! ((! ((! net_137) | ((! net_141) | ((! net_152) | (! net_164))))) & ((! (net_153 | (net_150 | net_158))) & ((! ((! net_115) & (! net_56))) & (! (! net_160))))))) | ((net_70 & ((! ((net_131 | (net_81 | (net_129 | net_130))) & (((! net_136) | ((! net_134) | (! net_135))) & ((net_115 | (net_142 | net_58)) & ((! net_140) | ((! net_138) | (! net_139))))))) | ((! (((! (net_154 & (((! ((! net_137) | ((! net_141) | ((! net_152) | (! net_164))))) & ((! (net_153 | (net_150 | net_158))) & ((! ((! net_115) & (! net_56))) & (! (! net_160))))) | net_153))) | (! (net_51 & (net_111 | net_171)))) & (((! (((! net_152) | (! (! ((! ((! net_137) | ((! net_141) | ((! net_152) | (! net_164))))) & ((! (net_153 | (net_150 | net_158))) & ((! ((! net_115) & (! net_56))) & (! (! net_160)))))))) & (! net_70))) | (! (! ((net_65 & ((! (net_180 & ((net_130 | net_77) & (net_175 | net_53)))) | ((! ((! net_173) & ((! net_166) & (! net_171)))) | ((! (net_168 | net_69)) | (! (net_176 | net_46)))))) | (! net_67))))) & ((! (net_151 & (((! ((! net_137) | ((! net_141) | ((! net_152) | (! net_164))))) & ((! (net_153 | (net_150 | net_158))) & ((! ((! net_115) & (! net_56))) & (! (! net_160))))) | net_150))) | (! (! net_118)))))) | ((! ((! (((! net_46) | (! ((! (net_180 & ((net_130 | net_77) & (net_175 | net_53)))) | ((! ((! net_173) & ((! net_166) & (! net_171)))) | ((! (net_168 | net_69)) | (! (net_176 | net_46))))))) & (! net_176))) | ((! (! net_50)) | (! ((! net_160) | (! (! ((! ((! net_137) | ((! net_141) | ((! net_152) | (! net_164))))) & ((! (net_153 | (net_150 | net_158))) & ((! ((! net_115) & (! net_56))) & (! (! net_160)))))))))))) | (! ((! (net_59 & (net_111 | net_173))) | ((! (((! ((! net_137) | ((! net_141) | ((! net_152) | (! net_164))))) & ((! (net_153 | (net_150 | net_158))) & ((! ((! net_115) & (! net_56))) & (! (! net_160))))) | net_158)) | (! (! net_62))))))))) | ((net_65 & ((! (net_180 & ((net_130 | net_77) & (net_175 | net_53)))) | ((! ((! net_173) & ((! net_166) & (! net_171)))) | ((! (net_168 | net_69)) | (! (net_176 | net_46)))))) | (! net_67)))),"['net_111', 'net_115', 'net_118', 'net_129', 'net_130', 'net_131', 'net_134', 'net_135', 'net_136', 'net_137', 'net_138', 'net_139', 'net_140', 'net_141', 'net_142', 'net_150', 'net_151', 'net_152', 'net_153', 'net_154', 'net_158', 'net_160', 'net_164', 'net_166', 'net_168', 'net_171', 'net_173', 'net_175', 'net_176', 'net_180', 'net_46', 'net_50', 'net_51', 'net_53', 'net_56', 'net_58', 'net_59', 'net_62', 'net_65', 'net_67', 'net_68', 'net_69', 'net_70', 'net_77', 'net_81']","[0.0046, 0.0083, 0.0063, 0.0036, 0.0054, 0.0041, 0.0074, 0.0073, 0.0073, 0.0004, 0.0066, 0.008, 0.0084, 0.0003, 0.009, 0.0083, 0.0092, 0.0005, 0.006, 0.0064, 0.0058, 0.0039, 0.0005, 0.0041, 0.0014, 0.0067, 0.0063, 0.0016, 0.0056, 0.004, 0.0043, 0.0041, 0.0048, 0.0013, 0.0005, 0.008, 0.0056, 0.0043, 0.173, 0.1803, 0.1806, 0.0014, 0.0699, 0.0011, 0.004]",0.01778888888888889,0.0056,45
0,U126,AOI222X1,(((! ((! (! net_73)) | (! net_75))) | (! ((! (! ((! net_179) | ((! net_178) | ((! net_110) | (! net_177)))))) | (! net_75)))) & (((! net_76) | (! (! ((! ((! net_137) | ((! net_141) | ((! net_152) | (! net_164))))) & ((! (net_153 | (net_150 | net_158))) & ((! ((! net_115) & (! net_56))) & (! (! net_160)))))))) & ((! net_78) | (! ((! ((net_131 | (net_81 | (net_129 | net_130))) & (((! net_136) | ((! net_134) | (! net_135))) & ((net_115 | (net_142 | net_58)) & ((! net_140) | ((! net_138) | (! net_139))))))) | ((! (((! (net_154 & (((! ((! net_137) | ((! net_141) | ((! net_152) | (! net_164))))) & ((! (net_153 | (net_150 | net_158))) & ((! ((! net_115) & (! net_56))) & (! (! net_160))))) | net_153))) | (! (net_51 & ((! ((! net_179) | ((! net_178) | ((! net_110) | (! net_177))))) | net_171)))) & (((! (((! net_152) | (! (! ((! ((! net_137) | ((! net_141) | ((! net_152) | (! net_164))))) & ((! (net_153 | (net_150 | net_158))) & ((! ((! net_115) & (! net_56))) & (! (! net_160)))))))) & (! net_70))) | (! (! net_112))) & ((! (net_151 & (((! ((! net_137) | ((! net_141) | ((! net_152) | (! net_164))))) & ((! (net_153 | (net_150 | net_158))) & ((! ((! net_115) & (! net_56))) & (! (! net_160))))) | net_150))) | (! (! net_118)))))) | ((! ((! (((! net_46) | (! ((! net_179) | ((! net_178) | ((! net_110) | (! net_177)))))) & (! net_176))) | ((! (! net_50)) | (! ((! net_160) | (! (! ((! ((! net_137) | ((! net_141) | ((! net_152) | (! net_164))))) & ((! (net_153 | (net_150 | net_158))) & ((! ((! net_115) & (! net_56))) & (! (! net_160)))))))))))) | (! ((! (net_59 & ((! ((! net_179) | ((! net_178) | ((! net_110) | (! net_177))))) | net_173))) | ((! (((! ((! net_137) | ((! net_141) | ((! net_152) | (! net_164))))) & ((! (net_153 | (net_150 | net_158))) & ((! ((! net_115) & (! net_56))) & (! (! net_160))))) | net_158)) | (! (! net_62)))))))))))),"['net_110', 'net_112', 'net_115', 'net_118', 'net_129', 'net_130', 'net_131', 'net_134', 'net_135', 'net_136', 'net_137', 'net_138', 'net_139', 'net_140', 'net_141', 'net_142', 'net_150', 'net_151', 'net_152', 'net_153', 'net_154', 'net_158', 'net_160', 'net_164', 'net_171', 'net_173', 'net_176', 'net_177', 'net_178', 'net_179', 'net_46', 'net_50', 'net_51', 'net_56', 'net_58', 'net_59', 'net_62', 'net_70', 'net_73', 'net_75', 'net_76', 'net_78', 'net_81']","[0.0114, 0.0079, 0.007, 0.0074, 0.003, 0.0033, 0.0039, 0.0063, 0.0057, 0.0076, 0.001, 0.0078, 0.0063, 0.006, 0.0006, 0.0086, 0.0068, 0.0066, 0.0074, 0.0045, 0.0036, 0.0047, 0.0054, 0.0006, 0.0028, 0.003, 0.0038, 0.0107, 0.011, 0.012, 0.0022, 0.0048, 0.0036, 0.0, 0.0072, 0.0038, 0.004, 0.0081, 0.1651, 0.1763, 0.1816, 0.0868, 0.0037]",0.01916046511627907,0.006,43
0,U127,NAND2X0,((! (! ((! (net_180 & ((net_130 | net_77) & (net_175 | net_53)))) | ((! ((! net_173) & ((! net_166) & (! net_171)))) | ((! (net_168 | net_69)) | (! (net_176 | net_46))))))) | (! net_75)),"['net_130', 'net_166', 'net_168', 'net_171', 'net_173', 'net_175', 'net_176', 'net_180', 'net_46', 'net_53', 'net_69', 'net_75', 'net_77']","[0.006591796875, 0.019775390625, 0.006591796875, 0.019775390625, 0.019775390625, 0.006591796875, 0.006591796875, 0.019775390625, 0.006591796875, 0.006591796875, 0.006591796875, 0.019775390625, 0.006591796875]",0.01166240985576923,0.006591796875,13
0,U128,NAND4X0,((! ((net_56 & (! ((! net_163) & ((! net_162) & ((! net_143) & (! net_161)))))) | ((net_58 & ((! (net_128 & (net_127 & (net_125 & net_126)))) | ((! (((! net_144) | (! net_145)) & (((! net_146) | (! net_147)) & ((! net_148) | (! net_149))))) | ((! ((! net_108) | ((! net_105) | (! net_159)))) | (! ((! net_157) | ((! net_155) | (! net_156)))))))) | ((net_53 & ((! net_179) | ((! net_178) | ((! net_110) | (! net_177))))) | (! net_55))))) | ((! ((net_52 & (! ((! net_163) & ((! net_162) & ((! net_143) & (! net_161)))))) | ((((! (! ((! net_179) | ((! net_178) | ((! net_110) | (! net_177)))))) | (! net_51)) & ((! (! net_49)) | (! net_51))) | (net_54 & ((! (net_128 & (net_127 & (net_125 & net_126)))) | ((! (((! net_144) | (! net_145)) & (((! net_146) | (! net_147)) & ((! net_148) | (! net_149))))) | ((! ((! net_108) | ((! net_105) | (! net_159)))) | (! ((! net_157) | ((! net_155) | (! net_156))))))))))) | ((! ((net_64 & (! ((! net_163) & ((! net_162) & ((! net_143) & (! net_161)))))) | ((net_66 & ((! (net_128 & (net_127 & (net_125 & net_126)))) | ((! (((! net_144) | (! net_145)) & (((! net_146) | (! net_147)) & ((! net_148) | (! net_149))))) | ((! ((! net_108) | ((! net_105) | (! net_159)))) | (! ((! net_157) | ((! net_155) | (! net_156)))))))) | ((net_61 & ((! net_179) | ((! net_178) | ((! net_110) | (! net_177))))) | (! net_63))))) | (! ((net_60 & (! ((! net_163) & ((! net_162) & ((! net_143) & (! net_161)))))) | ((((! (! ((! net_179) | ((! net_178) | ((! net_110) | (! net_177)))))) | (! net_59)) & ((! (! net_57)) | (! net_59))) | (net_62 & ((! (net_128 & (net_127 & (net_125 & net_126)))) | ((! (((! net_144) | (! net_145)) & (((! net_146) | (! net_147)) & ((! net_148) | (! net_149))))) | ((! ((! net_108) | ((! net_105) | (! net_159)))) | (! ((! net_157) | ((! net_155) | (! net_156)))))))))))))),"['net_105', 'net_108', 'net_110', 'net_125', 'net_126', 'net_127', 'net_128', 'net_143', 'net_144', 'net_145', 'net_146', 'net_147', 'net_148', 'net_149', 'net_155', 'net_156', 'net_157', 'net_159', 'net_161', 'net_162', 'net_163', 'net_177', 'net_178', 'net_179', 'net_49', 'net_51', 'net_52', 'net_53', 'net_54', 'net_55', 'net_56', 'net_57', 'net_58', 'net_59', 'net_60', 'net_61', 'net_62', 'net_63', 'net_64', 'net_66']","[0.0014, 0.0013, 0.0237, 0.0086, 0.0089, 0.0083, 0.0099, 0.023, 0.0031, 0.0021, 0.0036, 0.0031, 0.0022, 0.0024, 0.0013, 0.0008, 0.0008, 0.0009, 0.0234, 0.0245, 0.0255, 0.0265, 0.0262, 0.0254, 0.0999, 0.1125, 0.1043, 0.1014, 0.1076, 0.1088, 0.1074, 0.1011, 0.1069, 0.1133, 0.1035, 0.1045, 0.1114, 0.1148, 0.1035, 0.1045]",0.0490575,0.02495,40
0,U129,AO221X1,((net_56 & (! ((! ((! net_137) | ((! net_141) | ((! net_152) | (! net_164))))) & ((! (net_153 | (net_150 | net_158))) & ((! ((! ((net_53 & ((! (net_180 & ((net_130 | net_77) & ((! net_55) | net_53)))) | ((! ((! net_173) & ((! net_166) & (! net_171)))) | ((! (net_168 | net_69)) | (! (net_176 | net_46)))))) | (! net_55))) & (! net_56))) & (! (! net_160))))))) | ((net_58 & ((! ((net_131 | (net_81 | (net_129 | net_130))) & (((! net_136) | ((! net_134) | (! net_135))) & ((((net_53 & ((! (net_180 & ((net_130 | net_77) & ((! net_55) | net_53)))) | ((! ((! net_173) & ((! net_166) & (! net_171)))) | ((! (net_168 | net_69)) | (! (net_176 | net_46)))))) | (! net_55)) | (net_142 | net_58)) & ((! net_140) | ((! net_138) | (! net_139))))))) | ((! (((! (net_154 & (((! ((! net_137) | ((! net_141) | ((! net_152) | (! net_164))))) & ((! (net_153 | (net_150 | net_158))) & ((! ((! ((net_53 & ((! (net_180 & ((net_130 | net_77) & ((! net_55) | net_53)))) | ((! ((! net_173) & ((! net_166) & (! net_171)))) | ((! (net_168 | net_69)) | (! (net_176 | net_46)))))) | (! net_55))) & (! net_56))) & (! (! net_160))))) | net_153))) | (! (net_51 & (net_111 | net_171)))) & (((! (((! net_152) | (! (! ((! ((! net_137) | ((! net_141) | ((! net_152) | (! net_164))))) & ((! (net_153 | (net_150 | net_158))) & ((! ((! ((net_53 & ((! (net_180 & ((net_130 | net_77) & ((! net_55) | net_53)))) | ((! ((! net_173) & ((! net_166) & (! net_171)))) | ((! (net_168 | net_69)) | (! (net_176 | net_46)))))) | (! net_55))) & (! net_56))) & (! (! net_160)))))))) & (! net_70))) | (! (! net_112))) & ((! (net_151 & (((! ((! net_137) | ((! net_141) | ((! net_152) | (! net_164))))) & ((! (net_153 | (net_150 | net_158))) & ((! ((! ((net_53 & ((! (net_180 & ((net_130 | net_77) & ((! net_55) | net_53)))) | ((! ((! net_173) & ((! net_166) & (! net_171)))) | ((! (net_168 | net_69)) | (! (net_176 | net_46)))))) | (! net_55))) & (! net_56))) & (! (! net_160))))) | net_150))) | (! (! net_118)))))) | ((! ((! (((! net_46) | (! ((! (net_180 & ((net_130 | net_77) & ((! net_55) | net_53)))) | ((! ((! net_173) & ((! net_166) & (! net_171)))) | ((! (net_168 | net_69)) | (! (net_176 | net_46))))))) & (! net_176))) | ((! (! net_50)) | (! ((! net_160) | (! (! ((! ((! net_137) | ((! net_141) | ((! net_152) | (! net_164))))) & ((! (net_153 | (net_150 | net_158))) & ((! ((! ((net_53 & ((! (net_180 & ((net_130 | net_77) & ((! net_55) | net_53)))) | ((! ((! net_173) & ((! net_166) & (! net_171)))) | ((! (net_168 | net_69)) | (! (net_176 | net_46)))))) | (! net_55))) & (! net_56))) & (! (! net_160)))))))))))) | (! ((! (net_59 & (net_111 | net_173))) | ((! (((! ((! net_137) | ((! net_141) | ((! net_152) | (! net_164))))) & ((! (net_153 | (net_150 | net_158))) & ((! ((! ((net_53 & ((! (net_180 & ((net_130 | net_77) & ((! net_55) | net_53)))) | ((! ((! net_173) & ((! net_166) & (! net_171)))) | ((! (net_168 | net_69)) | (! (net_176 | net_46)))))) | (! net_55))) & (! net_56))) & (! (! net_160))))) | net_158)) | (! (! net_62))))))))) | ((net_53 & ((! (net_180 & ((net_130 | net_77) & ((! net_55) | net_53)))) | ((! ((! net_173) & ((! net_166) & (! net_171)))) | ((! (net_168 | net_69)) | (! (net_176 | net_46)))))) | (! net_55)))),"['net_111', 'net_112', 'net_118', 'net_129', 'net_130', 'net_131', 'net_134', 'net_135', 'net_136', 'net_137', 'net_138', 'net_139', 'net_140', 'net_141', 'net_142', 'net_150', 'net_151', 'net_152', 'net_153', 'net_154', 'net_158', 'net_160', 'net_164', 'net_166', 'net_168', 'net_171', 'net_173', 'net_176', 'net_180', 'net_46', 'net_50', 'net_51', 'net_53', 'net_55', 'net_56', 'net_58', 'net_59', 'net_62', 'net_69', 'net_70', 'net_77', 'net_81']","[0.0041, 0.0082, 0.0085, 0.0032, 0.0055, 0.0032, 0.0063, 0.0078, 0.0079, 0.0006, 0.0079, 0.0083, 0.0073, 0.0006, 0.0, 0.0085, 0.0074, 0.0069, 0.0058, 0.0041, 0.0059, 0.0056, 0.0008, 0.0049, 0.0013, 0.0066, 0.0063, 0.0048, 0.004, 0.0056, 0.0039, 0.0064, 0.1748, 0.1866, 0.1877, 0.0698, 0.0047, 0.0049, 0.0015, 0.0081, 0.0016, 0.0037]",0.019323809523809524,0.0057,42
0,U130,AO222X1,((net_52 & (! ((! ((! net_137) | ((! net_141) | ((! net_152) | (! net_164))))) & ((! (net_153 | (net_150 | net_158))) & ((! ((! net_115) & (! net_56))) & (! (! net_160))))))) | ((((! (! ((! net_179) | ((! net_178) | ((! net_110) | (! net_177)))))) | (! net_51)) & ((! (! net_49)) | (! net_51))) | (net_54 & ((! ((net_131 | (net_81 | (net_129 | net_130))) & (((! net_136) | ((! net_134) | (! net_135))) & ((net_115 | (net_142 | net_58)) & ((! net_140) | ((! net_138) | (! net_139))))))) | ((! (((! (net_154 & (((! ((! net_137) | ((! net_141) | ((! net_152) | (! net_164))))) & ((! (net_153 | (net_150 | net_158))) & ((! ((! net_115) & (! net_56))) & (! (! net_160))))) | net_153))) | (! (net_51 & ((! ((! net_179) | ((! net_178) | ((! net_110) | (! net_177))))) | net_171)))) & (((! (((! net_152) | (! (! ((! ((! net_137) | ((! net_141) | ((! net_152) | (! net_164))))) & ((! (net_153 | (net_150 | net_158))) & ((! ((! net_115) & (! net_56))) & (! (! net_160)))))))) & (! net_70))) | (! (! net_112))) & ((! (net_151 & (((! ((! net_137) | ((! net_141) | ((! net_152) | (! net_164))))) & ((! (net_153 | (net_150 | net_158))) & ((! ((! net_115) & (! net_56))) & (! (! net_160))))) | net_150))) | (! (! net_118)))))) | ((! ((! (((! net_46) | (! ((! net_179) | ((! net_178) | ((! net_110) | (! net_177)))))) & (! net_176))) | ((! (! net_50)) | (! ((! net_160) | (! (! ((! ((! net_137) | ((! net_141) | ((! net_152) | (! net_164))))) & ((! (net_153 | (net_150 | net_158))) & ((! ((! net_115) & (! net_56))) & (! (! net_160)))))))))))) | (! ((! (net_59 & ((! ((! net_179) | ((! net_178) | ((! net_110) | (! net_177))))) | net_173))) | ((! (((! ((! net_137) | ((! net_141) | ((! net_152) | (! net_164))))) & ((! (net_153 | (net_150 | net_158))) & ((! ((! net_115) & (! net_56))) & (! (! net_160))))) | net_158)) | (! (! net_62))))))))))),"['net_110', 'net_112', 'net_115', 'net_118', 'net_129', 'net_130', 'net_131', 'net_134', 'net_135', 'net_136', 'net_137', 'net_138', 'net_139', 'net_140', 'net_141', 'net_142', 'net_150', 'net_151', 'net_152', 'net_153', 'net_154', 'net_158', 'net_160', 'net_164', 'net_171', 'net_173', 'net_176', 'net_177', 'net_178', 'net_179', 'net_46', 'net_49', 'net_50', 'net_51', 'net_52', 'net_54', 'net_56', 'net_58', 'net_59', 'net_62', 'net_70', 'net_81']","[0.0115, 0.0072, 0.0071, 0.0064, 0.0029, 0.0032, 0.0028, 0.0058, 0.0088, 0.0069, 0.0006, 0.0065, 0.0062, 0.0083, 0.0012, 0.006, 0.0057, 0.0062, 0.0081, 0.0077, 0.0073, 0.0049, 0.0039, 0.0007, 0.0054, 0.003, 0.003, 0.0128, 0.01, 0.0117, 0.0026, 0.1577, 0.0034, 0.1774, 0.1768, 0.0849, 0.0002, 0.0067, 0.0036, 0.0044, 0.0066, 0.0033]",0.01927142857142857,0.0062,42
0,U131,NAND2X0,((! (! ((! (net_180 & ((net_130 | net_77) & (net_175 | net_53)))) | ((! ((! net_173) & ((! net_166) & (! net_171)))) | ((! (net_168 | net_69)) | (! (net_176 | net_46))))))) | (! net_51)),"['net_130', 'net_166', 'net_168', 'net_171', 'net_173', 'net_175', 'net_176', 'net_180', 'net_46', 'net_51', 'net_53', 'net_69', 'net_77']","[0.006591796875, 0.019775390625, 0.006591796875, 0.019775390625, 0.019775390625, 0.006591796875, 0.006591796875, 0.019775390625, 0.006591796875, 0.019775390625, 0.006591796875, 0.006591796875, 0.006591796875]",0.01166240985576923,0.006591796875,13
0,U132,AO221X1,((net_64 & (! ((! ((! net_137) | ((! net_141) | ((! net_152) | (! net_164))))) & ((! (net_153 | (net_150 | net_158))) & ((! ((! net_115) & (! net_56))) & (! (! net_160))))))) | ((net_66 & ((! ((net_131 | (net_81 | (net_129 | net_130))) & (((! net_136) | ((! net_134) | (! net_135))) & ((net_115 | (net_142 | net_58)) & ((! net_140) | ((! net_138) | (! net_139))))))) | ((! (((! (net_154 & (((! ((! net_137) | ((! net_141) | ((! net_152) | (! net_164))))) & ((! (net_153 | (net_150 | net_158))) & ((! ((! net_115) & (! net_56))) & (! (! net_160))))) | net_153))) | (! (net_51 & (net_111 | net_171)))) & (((! (((! net_152) | (! (! ((! ((! net_137) | ((! net_141) | ((! net_152) | (! net_164))))) & ((! (net_153 | (net_150 | net_158))) & ((! ((! net_115) & (! net_56))) & (! (! net_160)))))))) & (! net_70))) | (! (! net_112))) & ((! (net_151 & (((! ((! net_137) | ((! net_141) | ((! net_152) | (! net_164))))) & ((! (net_153 | (net_150 | net_158))) & ((! ((! net_115) & (! net_56))) & (! (! net_160))))) | net_150))) | (! (! ((net_61 & ((! (net_180 & ((net_130 | net_77) & (net_175 | net_53)))) | ((! ((! net_173) & ((! net_166) & (! net_171)))) | ((! (net_168 | net_69)) | (! (net_176 | net_46)))))) | (! net_63)))))))) | ((! ((! (((! net_46) | (! ((! (net_180 & ((net_130 | net_77) & (net_175 | net_53)))) | ((! ((! net_173) & ((! net_166) & (! net_171)))) | ((! (net_168 | net_69)) | (! (net_176 | net_46))))))) & (! net_176))) | ((! (! net_50)) | (! ((! net_160) | (! (! ((! ((! net_137) | ((! net_141) | ((! net_152) | (! net_164))))) & ((! (net_153 | (net_150 | net_158))) & ((! ((! net_115) & (! net_56))) & (! (! net_160)))))))))))) | (! ((! (net_59 & (net_111 | net_173))) | ((! (((! ((! net_137) | ((! net_141) | ((! net_152) | (! net_164))))) & ((! (net_153 | (net_150 | net_158))) & ((! ((! net_115) & (! net_56))) & (! (! net_160))))) | net_158)) | (! (! net_62))))))))) | ((net_61 & ((! (net_180 & ((net_130 | net_77) & (net_175 | net_53)))) | ((! ((! net_173) & ((! net_166) & (! net_171)))) | ((! (net_168 | net_69)) | (! (net_176 | net_46)))))) | (! net_63)))),"['net_111', 'net_112', 'net_115', 'net_129', 'net_130', 'net_131', 'net_134', 'net_135', 'net_136', 'net_137', 'net_138', 'net_139', 'net_140', 'net_141', 'net_142', 'net_150', 'net_151', 'net_152', 'net_153', 'net_154', 'net_158', 'net_160', 'net_164', 'net_166', 'net_168', 'net_171', 'net_173', 'net_175', 'net_176', 'net_180', 'net_46', 'net_50', 'net_51', 'net_53', 'net_56', 'net_58', 'net_59', 'net_61', 'net_62', 'net_63', 'net_64', 'net_66', 'net_69', 'net_70', 'net_77', 'net_81']","[0.0025, 0.0048, 0.0053, 0.0014, 0.0032, 0.0021, 0.0044, 0.0061, 0.0054, 0.0005, 0.0057, 0.0058, 0.0065, 0.0004, 0.0058, 0.0134, 0.0169, 0.0052, 0.0054, 0.0038, 0.0048, 0.0037, 0.0005, 0.0027, 0.001, 0.005, 0.0055, 0.0009, 0.0041, 0.0036, 0.0042, 0.0029, 0.0033, 0.0014, 0.0001, 0.0046, 0.0044, 0.1606, 0.0046, 0.1683, 0.1662, 0.0848, 0.001, 0.0052, 0.0017, 0.0028]",0.01635869565217391,0.0044,46
0,U133,AO222X1,((net_60 & (! ((! ((! net_137) | ((! net_141) | ((! net_152) | (! net_164))))) & ((! (net_153 | (net_150 | net_158))) & ((! ((! net_115) & (! net_56))) & (! (! net_160))))))) | ((((! (! ((! net_179) | ((! net_178) | ((! net_110) | (! net_177)))))) | (! net_59)) & ((! (! net_57)) | (! net_59))) | (net_62 & ((! ((net_131 | (net_81 | (net_129 | net_130))) & (((! net_136) | ((! net_134) | (! net_135))) & ((net_115 | (net_142 | net_58)) & ((! net_140) | ((! net_138) | (! net_139))))))) | ((! (((! (net_154 & (((! ((! net_137) | ((! net_141) | ((! net_152) | (! net_164))))) & ((! (net_153 | (net_150 | net_158))) & ((! ((! net_115) & (! net_56))) & (! (! net_160))))) | net_153))) | (! (net_51 & ((! ((! net_179) | ((! net_178) | ((! net_110) | (! net_177))))) | net_171)))) & (((! (((! net_152) | (! (! ((! ((! net_137) | ((! net_141) | ((! net_152) | (! net_164))))) & ((! (net_153 | (net_150 | net_158))) & ((! ((! net_115) & (! net_56))) & (! (! net_160)))))))) & (! net_70))) | (! (! net_112))) & ((! (net_151 & (((! ((! net_137) | ((! net_141) | ((! net_152) | (! net_164))))) & ((! (net_153 | (net_150 | net_158))) & ((! ((! net_115) & (! net_56))) & (! (! net_160))))) | net_150))) | (! (! net_118)))))) | ((! ((! (((! net_46) | (! ((! net_179) | ((! net_178) | ((! net_110) | (! net_177)))))) & (! net_176))) | ((! (! net_50)) | (! ((! net_160) | (! (! ((! ((! net_137) | ((! net_141) | ((! net_152) | (! net_164))))) & ((! (net_153 | (net_150 | net_158))) & ((! ((! net_115) & (! net_56))) & (! (! net_160)))))))))))) | (! ((! (net_59 & ((! ((! net_179) | ((! net_178) | ((! net_110) | (! net_177))))) | net_173))) | ((! (((! ((! net_137) | ((! net_141) | ((! net_152) | (! net_164))))) & ((! (net_153 | (net_150 | net_158))) & ((! ((! net_115) & (! net_56))) & (! (! net_160))))) | net_158)) | (! (! net_62))))))))))),"['net_110', 'net_112', 'net_115', 'net_118', 'net_129', 'net_130', 'net_131', 'net_134', 'net_135', 'net_136', 'net_137', 'net_138', 'net_139', 'net_140', 'net_141', 'net_142', 'net_150', 'net_151', 'net_152', 'net_153', 'net_154', 'net_158', 'net_160', 'net_164', 'net_171', 'net_173', 'net_176', 'net_177', 'net_178', 'net_179', 'net_46', 'net_50', 'net_51', 'net_56', 'net_57', 'net_58', 'net_59', 'net_60', 'net_62', 'net_70', 'net_81']","[0.0113, 0.0093, 0.0078, 0.009, 0.003, 0.0037, 0.0039, 0.0072, 0.0069, 0.0082, 0.0006, 0.0072, 0.0069, 0.0086, 0.0007, 0.009, 0.0087, 0.0101, 0.0075, 0.0042, 0.0047, 0.0005, 0.0053, 0.0006, 0.0041, 0.0, 0.0027, 0.0107, 0.0092, 0.0118, 0.0032, 0.003, 0.0041, 0.0002, 0.1646, 0.0089, 0.1857, 0.1943, 0.0773, 0.0079, 0.0045]",0.020417073170731707,0.0072,41
0,U134,NAND2X0,((! (! ((! (net_180 & ((net_130 | net_77) & (net_175 | net_53)))) | ((! ((! net_173) & ((! net_166) & (! net_171)))) | ((! (net_168 | net_69)) | (! (net_176 | net_46))))))) | (! net_59)),"['net_130', 'net_166', 'net_168', 'net_171', 'net_173', 'net_175', 'net_176', 'net_180', 'net_46', 'net_53', 'net_59', 'net_69', 'net_77']","[0.006591796875, 0.019775390625, 0.006591796875, 0.019775390625, 0.019775390625, 0.006591796875, 0.006591796875, 0.019775390625, 0.006591796875, 0.006591796875, 0.019775390625, 0.006591796875, 0.006591796875]",0.01166240985576923,0.006591796875,13
0,U135,NAND4X0,((! (((! net_132) | (net_81 | (((! ((! net_163) & ((! net_162) & ((! net_143) & (! net_161))))) & (! net_133)) | (! net_79)))) & (((! (net_75 & ((! ((! net_179) | ((! net_178) | ((! net_110) | (! net_177))))) | net_166))) | ((! ((! net_137) | (! (! ((! net_163) & ((! net_162) & ((! net_143) & (! net_161)))))))) | (! (! net_78)))) & ((((net_53 & ((! net_179) | ((! net_178) | ((! net_110) | (! net_177))))) | net_175) | (((! ((! net_163) & ((! net_162) & ((! net_143) & (! net_161))))) & (! net_143)) | net_58)) & ((! (((! net_110) | (! ((! net_179) | ((! net_178) | ((! net_110) | (! net_177)))))) & (! net_168))) | ((! ((! net_141) | (! (! ((! net_163) & ((! net_162) & ((! net_143) & (! net_161)))))))) | (! (! net_74)))))))) | ((! (((! ((! net_54) & (((! net_163) & ((! net_162) & ((! net_143) & (! net_161)))) | ((! net_170) & (! net_52))))) | (! (net_51 & ((! ((! net_179) | ((! net_178) | ((! net_110) | (! net_177))))) | (! net_117))))) & (((! (((! (((net_65 & ((! net_179) | ((! net_178) | ((! net_110) | (! net_177))))) | net_169) | net_68)) | (! (! ((! net_163) & ((! net_162) & ((! net_143) & (! net_161))))))) & (! net_70))) | (! (! ((net_65 & ((! net_179) | ((! net_178) | ((! net_110) | (! net_177))))) | net_169)))) & ((! ((! net_66) & (((! net_163) & ((! net_162) & ((! net_143) & (! net_161)))) | ((! ((net_61 & ((! net_179) | ((! net_178) | ((! net_110) | (! net_177))))) | net_174)) & (! net_64))))) | (! (! ((net_61 & ((! net_179) | ((! net_178) | ((! net_110) | (! net_177))))) | net_174))))))) | ((! ((! (((! net_46) | (! ((! net_179) | ((! net_178) | ((! net_110) | (! net_177)))))) & (! (! net_47)))) | ((! (! net_50)) | (! ((! ((! net_107) | (! (((! net_46) | (! ((! net_179) | ((! net_178) | ((! net_110) | (! net_177)))))) & (! (! net_47)))))) | (! (! ((! net_163) & ((! net_162) & ((! net_143) & (! net_161))))))))))) | (! ((! (net_59 & ((! ((! net_179) | ((! net_178) | ((! net_110) | (! net_177))))) | (! net_120)))) | ((! (((! net_163) & ((! net_162) & ((! net_143) & (! net_161)))) | ((! net_172) & (! net_60)))) | (! (! net_62)))))))),"['net_107', 'net_110', 'net_117', 'net_120', 'net_132', 'net_133', 'net_137', 'net_141', 'net_143', 'net_161', 'net_162', 'net_163', 'net_166', 'net_168', 'net_169', 'net_170', 'net_172', 'net_174', 'net_175', 'net_177', 'net_178', 'net_179', 'net_46', 'net_47', 'net_50', 'net_51', 'net_52', 'net_53', 'net_54', 'net_58', 'net_59', 'net_60', 'net_61', 'net_62', 'net_64', 'net_65', 'net_66', 'net_68', 'net_70', 'net_74', 'net_75', 'net_78', 'net_79', 'net_81']","[0.0754, 0.0922, 0.038, 0.0385, 0.0754, 0.0763, 0.0785, 0.0761, 0.1036, 0.0425, 0.0406, 0.0431, 0.0798, 0.0849, 0.0795, 0.035, 0.0396, 0.0852, 0.0871, 0.0331, 0.0342, 0.0325, 0.0736, 0.0817, 0.0851, 0.0406, 0.0354, 0.0809, 0.041, 0.0814, 0.0399, 0.0379, 0.0729, 0.0413, 0.0727, 0.0736, 0.0797, 0.0759, 0.0814, 0.0847, 0.0809, 0.078, 0.0743, 0.0805]",0.06510227272727273,0.0754,44
0,U136,AND4X1,(((! ((! net_77) | (! ((! net_179) | ((! net_178) | ((! ((! net_71) | net_69)) | (! net_177))))))) | (net_81 | (((! ((! net_163) & ((! net_162) & ((! ((! ((net_53 & ((! net_179) | ((! net_178) | ((! ((! net_71) | net_69)) | (! net_177))))) | (! net_55))) & (! net_56))) & (! net_161))))) & (! (! net_80))) | (! net_79)))) & (((! (net_75 & ((! ((! net_179) | ((! net_178) | ((! ((! net_71) | net_69)) | (! net_177))))) | (! net_113)))) | ((! ((! ((! (net_75 & ((! ((! net_179) | ((! net_178) | ((! ((! net_71) | net_69)) | (! net_177))))) | (! net_113)))) | (! net_165))) | (! (! ((! net_163) & ((! net_162) & ((! ((! ((net_53 & ((! net_179) | ((! net_178) | ((! ((! net_71) | net_69)) | (! net_177))))) | (! net_55))) & (! net_56))) & (! net_161)))))))) | (! (! net_78)))) & ((((net_53 & ((! net_179) | ((! net_178) | ((! ((! net_71) | net_69)) | (! net_177))))) | (! net_55)) | (((! ((! net_163) & ((! net_162) & ((! ((! ((net_53 & ((! net_179) | ((! net_178) | ((! ((! net_71) | net_69)) | (! net_177))))) | (! net_55))) & (! net_56))) & (! net_161))))) & (! ((! ((net_53 & ((! net_179) | ((! net_178) | ((! ((! net_71) | net_69)) | (! net_177))))) | (! net_55))) & (! net_56)))) | net_58)) & ((! (((! ((! net_71) | net_69)) | (! ((! net_179) | ((! net_178) | ((! ((! net_71) | net_69)) | (! net_177)))))) & (! (! net_71)))) | ((! ((! ((! (((! ((! net_71) | net_69)) | (! ((! net_179) | ((! net_178) | ((! ((! net_71) | net_69)) | (! net_177)))))) & (! (! net_71)))) | (! net_167))) | (! (! ((! net_163) & ((! net_162) & ((! ((! ((net_53 & ((! net_179) | ((! net_178) | ((! ((! net_71) | net_69)) | (! net_177))))) | (! net_55))) & (! net_56))) & (! net_161)))))))) | (! (! net_74))))))),"['net_113', 'net_161', 'net_162', 'net_163', 'net_165', 'net_167', 'net_177', 'net_178', 'net_179', 'net_53', 'net_55', 'net_56', 'net_58', 'net_69', 'net_71', 'net_74', 'net_75', 'net_77', 'net_78', 'net_79', 'net_80', 'net_81']","[0.0941, 0.0469, 0.0453, 0.0467, 0.0952, 0.0961, 0.0415, 0.0418, 0.0396, 0.1022, 0.1189, 0.0949, 0.1247, 0.11, 0.1256, 0.1159, 0.1155, 0.095, 0.1168, 0.1129, 0.1014, 0.1173]",0.09083181818181818,0.09875,22
0,U137,OR4X1,((! ((! net_77) | (! ((! net_179) | ((! net_178) | ((! net_110) | (! net_177))))))) | (net_81 | (((! ((! ((! net_137) | ((! net_141) | ((! net_152) | (! net_164))))) & ((! (net_153 | (net_150 | net_158))) & ((! ((! net_115) & (! net_56))) & (! (! net_160)))))) & (! (! net_80))) | (! net_79)))),"['net_110', 'net_115', 'net_137', 'net_141', 'net_150', 'net_152', 'net_153', 'net_158', 'net_160', 'net_164', 'net_177', 'net_178', 'net_179', 'net_56', 'net_77', 'net_79', 'net_80', 'net_81']","[0.0062, 0.0002, 0.0008, 0.0005, 0.0004, 0.0004, 0.0005, 0.0005, 0.0007, 0.0005, 0.0079, 0.0073, 0.0076, 0.0004, 0.1144, 0.1385, 0.1379, 0.131]",0.030872222222222225,0.00075,18
0,U138,INVX0,(! ((! net_77) | (! ((! (net_180 & ((net_130 | net_77) & (net_175 | net_53)))) | ((! ((! net_173) & ((! net_166) & (! net_171)))) | ((! (net_168 | net_69)) | (! (net_176 | net_46)))))))),"['net_130', 'net_166', 'net_168', 'net_171', 'net_173', 'net_175', 'net_176', 'net_180', 'net_46', 'net_53', 'net_69', 'net_77']","[0.0, 0.0263671875, 0.0087890625, 0.0263671875, 0.0263671875, 0.0087890625, 0.0087890625, 0.0263671875, 0.0087890625, 0.0087890625, 0.0087890625, 0.9736328125]",0.09431966145833333,0.0087890625,12
0,U139,NOR2X0,((! ((! ((! ((! net_136) | (! net_165))) | ((! ((! net_140) | (! net_167))) | ((! (net_112 | net_68)) | (! ((! net_79) | ((! net_132) | (! (! net_80))))))))) & ((! (((! net_170) & (! net_52)) | (((! net_118) & (! net_64)) | ((! net_172) & (! net_60))))) & ((! ((! ((net_53 & net_82) | net_175)) & (! net_56))) & (! (! ((! net_107) | (! net_108)))))))) & (! (! net_80))),"['net_107', 'net_108', 'net_112', 'net_118', 'net_132', 'net_136', 'net_140', 'net_165', 'net_167', 'net_170', 'net_172', 'net_175', 'net_52', 'net_53', 'net_56', 'net_60', 'net_64', 'net_68', 'net_79', 'net_80', 'net_82']","[0.034, 0.0351, 0.0371, 0.038, 0.0, 0.0371, 0.0388, 0.0363, 0.0362, 0.0371, 0.036, 0.0252, 0.0334, 0.0059, 0.0262, 0.0357, 0.0391, 0.0355, 0.0, 0.8871, 0.0087]",0.06964285714285715,0.0357,21
0,U140,NAND3X0,((! (net_75 & ((! ((! net_179) | ((! net_178) | ((! net_110) | (! net_177))))) | (! ((! net_183) | (! net_75)))))) | ((! ((! ((! (net_75 & ((! ((! net_179) | ((! net_178) | ((! net_110) | (! net_177))))) | (! ((! net_183) | (! net_75)))))) | (! (! net_76)))) | (! (! ((! net_163) & ((! net_162) & ((! net_143) & (! net_161)))))))) | (! (! net_78)))),"['net_110', 'net_143', 'net_161', 'net_162', 'net_163', 'net_177', 'net_178', 'net_179', 'net_183', 'net_75', 'net_76', 'net_78']","[0.00830078125, 0.00830078125, 0.00830078125, 0.00830078125, 0.00830078125, 0.00830078125, 0.00830078125, 0.00830078125, 0.12451171875, 0.14111328125, 0.12451171875, 0.14111328125]",0.0498046875,0.00830078125,12
0,U141,INVX0,(! net_78),['net_78'],[1.0],1.0,1.0,1
0,U142,NAND2X0,((! ((! (net_75 & ((! net_82) | (! net_113)))) | (! (! net_76)))) | (! (! ((! ((! ((! (net_75 & ((! net_82) | (! net_113)))) | (! (! net_76)))) | ((! net_141) | ((! net_152) | (! net_164))))) & ((! (net_153 | (net_150 | net_158))) & ((! ((! net_115) & (! net_56))) & (! (! net_160)))))))),"['net_113', 'net_115', 'net_141', 'net_150', 'net_152', 'net_153', 'net_158', 'net_160', 'net_164', 'net_56', 'net_75', 'net_76', 'net_82']","[0.124267578125, 0.003173828125, 0.009521484375, 0.009521484375, 0.009521484375, 0.009521484375, 0.009521484375, 0.009521484375, 0.009521484375, 0.003173828125, 0.372802734375, 0.372802734375, 0.124267578125]",0.08208759014423077,0.009521484375,13
0,U143,NAND3X0,((! (((! ((! net_71) | net_69)) | (! ((! (net_180 & ((net_130 | net_77) & (net_175 | net_53)))) | ((! ((! net_173) & ((! net_166) & (! net_171)))) | ((! ((! net_71) | net_69)) | (! (net_176 | net_46))))))) & (! (! net_71)))) | ((! ((! ((! (((! ((! net_71) | net_69)) | (! ((! (net_180 & ((net_130 | net_77) & (net_175 | net_53)))) | ((! ((! net_173) & ((! net_166) & (! net_171)))) | ((! ((! net_71) | net_69)) | (! (net_176 | net_46))))))) & (! (! net_71)))) | (! (! net_72)))) | (! (! ((! net_163) & ((! net_162) & ((! net_143) & (! net_161)))))))) | (! (! net_74)))),"['net_130', 'net_143', 'net_161', 'net_162', 'net_163', 'net_166', 'net_171', 'net_173', 'net_175', 'net_176', 'net_180', 'net_46', 'net_53', 'net_69', 'net_71', 'net_72', 'net_74', 'net_77']","[0.0012, 0.0085, 0.008, 0.0083, 0.0064, 0.0043, 0.0024, 0.003, 0.0018, 0.0012, 0.003, 0.0012, 0.0019, 0.1289, 0.1446, 0.1186, 0.1366, 0.001]",0.03227222222222222,0.00365,18
0,U144,INVX0,(! net_74),['net_74'],[1.0],1.0,1.0,1
0,U145,NAND2X0,((! ((! (((! ((! net_71) | net_69)) | (! ((! net_179) | ((! net_178) | ((! ((! net_71) | net_69)) | (! net_177)))))) & (! (! net_71)))) | (! (! net_72)))) | (! (! ((! ((! net_137) | ((! ((! (((! ((! net_71) | net_69)) | (! ((! net_179) | ((! net_178) | ((! ((! net_71) | net_69)) | (! net_177)))))) & (! (! net_71)))) | (! (! net_72)))) | ((! net_152) | (! net_164))))) & ((! (net_153 | (net_150 | net_158))) & ((! ((! net_115) & (! net_56))) & (! (! net_160)))))))),"['net_115', 'net_137', 'net_150', 'net_152', 'net_153', 'net_158', 'net_160', 'net_164', 'net_177', 'net_178', 'net_179', 'net_56', 'net_69', 'net_71', 'net_72']","[0.003, 0.01, 0.0108, 0.01, 0.0114, 0.011, 0.0116, 0.0101, 0.0307, 0.0314, 0.0305, 0.0038, 0.2164, 0.2793, 0.2817]",0.06344666666666667,0.0114,15
0,U146,OR3X1,(((net_53 & ((! (net_180 & ((net_130 | net_77) & ((! net_55) | net_53)))) | ((! ((! net_173) & ((! net_166) & (! net_171)))) | ((! (net_168 | net_69)) | (! (net_176 | net_46)))))) | (! net_55)) | (((! ((! ((! net_137) | ((! net_141) | ((! net_152) | (! net_164))))) & ((! (net_153 | (net_150 | net_158))) & ((! ((! ((net_53 & ((! (net_180 & ((net_130 | net_77) & ((! net_55) | net_53)))) | ((! ((! net_173) & ((! net_166) & (! net_171)))) | ((! (net_168 | net_69)) | (! (net_176 | net_46)))))) | (! net_55))) & (! net_56))) & (! (! net_160)))))) & (! ((! ((net_53 & ((! (net_180 & ((net_130 | net_77) & ((! net_55) | net_53)))) | ((! ((! net_173) & ((! net_166) & (! net_171)))) | ((! (net_168 | net_69)) | (! (net_176 | net_46)))))) | (! net_55))) & (! net_56)))) | net_58)),"['net_130', 'net_137', 'net_141', 'net_150', 'net_152', 'net_153', 'net_158', 'net_160', 'net_164', 'net_166', 'net_168', 'net_171', 'net_173', 'net_176', 'net_180', 'net_46', 'net_53', 'net_55', 'net_56', 'net_58', 'net_69', 'net_77']","[0.0012, 0.0004, 0.0007, 0.0009, 0.0003, 0.0011, 0.0008, 0.0003, 0.0004, 0.0024, 0.0016, 0.003, 0.0031, 0.0011, 0.0038, 0.0007, 0.1287, 0.1315, 0.128, 0.1252, 0.0013, 0.0009]",0.024427272727272728,0.00115,22
0,U147,NOR2X0,((! ((! ((! ((! net_136) | (! net_165))) | ((! ((! net_140) | (! net_167))) | ((! (net_112 | net_68)) | (! ((! net_79) | ((! net_132) | (! net_133)))))))) & ((! (((! net_170) & (! net_52)) | (((! net_118) & (! net_64)) | ((! net_172) & (! net_60))))) & ((! ((! ((net_53 & ((! net_179) | ((! net_178) | ((! net_110) | (! net_177))))) | (! net_55))) & (! net_56))) & (! (! ((! net_107) | (! net_108)))))))) & (! ((! ((net_53 & ((! net_179) | ((! net_178) | ((! net_110) | (! net_177))))) | (! net_55))) & (! net_56)))),"['net_107', 'net_108', 'net_110', 'net_112', 'net_118', 'net_132', 'net_133', 'net_136', 'net_140', 'net_165', 'net_167', 'net_170', 'net_172', 'net_177', 'net_178', 'net_179', 'net_52', 'net_53', 'net_55', 'net_56', 'net_60', 'net_64', 'net_68', 'net_79']","[0.0693, 0.0622, 0.0143, 0.072, 0.0643, 0.0297, 0.0286, 0.0632, 0.067, 0.0674, 0.065, 0.0701, 0.0671, 0.0132, 0.0158, 0.0141, 0.0666, 0.2085, 0.2334, 0.234, 0.0666, 0.0672, 0.0636, 0.0286]",0.07299166666666666,0.0658,24
0,U148,AOI222X1,(((! ((! net_54) & (((! ((! net_137) | ((! net_141) | ((! (((net_65 & ((! net_179) | ((! net_178) | ((! net_110) | (! net_177))))) | (! net_67)) | net_68)) | (! net_164))))) & ((! (((! (! (net_51 & ((! ((! net_179) | ((! net_178) | ((! net_110) | (! net_177))))) | (! ((! net_182) | (! net_51))))))) & (! net_52)) | (((! ((net_61 & ((! net_179) | ((! net_178) | ((! net_110) | (! net_177))))) | (! net_63))) & (! net_64)) | net_158))) & ((! ((! net_115) & (! net_56))) & (! (! net_160))))) | ((! (! (net_51 & ((! ((! net_179) | ((! net_178) | ((! net_110) | (! net_177))))) | (! ((! net_182) | (! net_51))))))) & (! net_52))))) | (! (net_51 & ((! ((! net_179) | ((! net_178) | ((! net_110) | (! net_177))))) | (! ((! net_182) | (! net_51))))))) & (((! (((! (((net_65 & ((! net_179) | ((! net_178) | ((! net_110) | (! net_177))))) | (! net_67)) | net_68)) | (! (! ((! ((! net_137) | ((! net_141) | ((! (((net_65 & ((! net_179) | ((! net_178) | ((! net_110) | (! net_177))))) | (! net_67)) | net_68)) | (! net_164))))) & ((! (((! (! (net_51 & ((! ((! net_179) | ((! net_178) | ((! net_110) | (! net_177))))) | (! ((! net_182) | (! net_51))))))) & (! net_52)) | (((! ((net_61 & ((! net_179) | ((! net_178) | ((! net_110) | (! net_177))))) | (! net_63))) & (! net_64)) | net_158))) & ((! ((! net_115) & (! net_56))) & (! (! net_160)))))))) & (! net_70))) | (! (! ((net_65 & ((! net_179) | ((! net_178) | ((! net_110) | (! net_177))))) | (! net_67))))) & ((! ((! net_66) & (((! ((! net_137) | ((! net_141) | ((! (((net_65 & ((! net_179) | ((! net_178) | ((! net_110) | (! net_177))))) | (! net_67)) | net_68)) | (! net_164))))) & ((! (((! (! (net_51 & ((! ((! net_179) | ((! net_178) | ((! net_110) | (! net_177))))) | (! ((! net_182) | (! net_51))))))) & (! net_52)) | (((! ((net_61 & ((! net_179) | ((! net_178) | ((! net_110) | (! net_177))))) | (! net_63))) & (! net_64)) | net_158))) & ((! ((! net_115) & (! net_56))) & (! (! net_160))))) | ((! ((net_61 & ((! net_179) | ((! net_178) | ((! net_110) | (! net_177))))) | (! net_63))) & (! net_64))))) | (! (! ((net_61 & ((! net_179) | ((! net_178) | ((! net_110) | (! net_177))))) | (! net_63))))))),"['net_110', 'net_115', 'net_137', 'net_141', 'net_158', 'net_160', 'net_164', 'net_177', 'net_178', 'net_179', 'net_182', 'net_51', 'net_52', 'net_54', 'net_56', 'net_61', 'net_63', 'net_64', 'net_65', 'net_66', 'net_67', 'net_68', 'net_70']","[0.0193, 0.0026, 0.0066, 0.0052, 0.007, 0.0064, 0.0058, 0.02, 0.0208, 0.0199, 0.0993, 0.1183, 0.114, 0.1172, 0.0018, 0.1037, 0.1174, 0.116, 0.1087, 0.1197, 0.119, 0.112, 0.1238]",0.06454347826086956,0.0993,23
0,U149,INVX0,(! ((net_61 & ((! (net_180 & ((net_130 | net_77) & (net_175 | net_53)))) | ((! ((! net_173) & ((! net_166) & (! net_171)))) | ((! (net_168 | net_69)) | (! (net_176 | net_46)))))) | (! net_63))),"['net_130', 'net_166', 'net_168', 'net_171', 'net_173', 'net_175', 'net_176', 'net_180', 'net_46', 'net_53', 'net_61', 'net_63', 'net_69', 'net_77']","[0.0032958984375, 0.0098876953125, 0.0032958984375, 0.0098876953125, 0.0098876953125, 0.0032958984375, 0.0032958984375, 0.0098876953125, 0.0032958984375, 0.0032958984375, 0.4901123046875, 0.5098876953125, 0.0032958984375, 0.0032958984375]",0.07613699776785714,0.0032958984375,14
0,U150,OA21X1,((! net_66) & (((! ((! ((! net_136) | (! net_165))) | ((! ((! net_140) | (! net_167))) | ((! (net_112 | net_68)) | (! ((! net_79) | ((! net_132) | (! net_133)))))))) & ((! (((! net_170) & (! net_52)) | (((! net_118) & (! net_64)) | ((! net_172) & (! net_60))))) & ((! ((! ((net_53 & net_82) | net_175)) & (! net_56))) & (! (! ((! net_107) | (! net_108))))))) | ((! net_118) & (! net_64)))),"['net_107', 'net_108', 'net_112', 'net_118', 'net_132', 'net_133', 'net_136', 'net_140', 'net_165', 'net_167', 'net_170', 'net_172', 'net_175', 'net_52', 'net_53', 'net_56', 'net_60', 'net_64', 'net_66', 'net_68', 'net_79', 'net_82']","[0.0355, 0.032, 0.0304, 0.2171, 0.0137, 0.0139, 0.032, 0.0343, 0.0327, 0.0288, 0.0328, 0.0313, 0.0232, 0.0321, 0.0069, 0.0198, 0.0339, 0.2222, 0.3494, 0.0339, 0.0142, 0.0075]",0.05807272727272727,0.032,22
0,U151,INVX0,(! net_66),['net_66'],[1.0],1.0,1.0,1
0,U152,INVX0,(! ((net_65 & ((! (net_180 & ((net_130 | net_77) & (net_175 | net_53)))) | ((! ((! net_173) & ((! net_166) & (! net_171)))) | ((! (net_168 | net_69)) | (! (net_176 | net_46)))))) | (! net_67))),"['net_130', 'net_166', 'net_168', 'net_171', 'net_173', 'net_175', 'net_176', 'net_180', 'net_46', 'net_53', 'net_65', 'net_67', 'net_69', 'net_77']","[0.0032958984375, 0.0098876953125, 0.0032958984375, 0.0098876953125, 0.0098876953125, 0.0032958984375, 0.0032958984375, 0.0098876953125, 0.0032958984375, 0.0032958984375, 0.4901123046875, 0.5098876953125, 0.0032958984375, 0.0032958984375]",0.07613699776785714,0.0032958984375,14
0,U153,AOI21X1,(((! (((net_65 & ((! net_179) | ((! net_178) | ((! net_110) | (! net_177))))) | (! net_67)) | net_68)) | (! (! ((! ((! net_137) | ((! net_141) | ((! (((net_65 & ((! net_179) | ((! net_178) | ((! net_110) | (! net_177))))) | (! net_67)) | net_68)) | (! net_164))))) & ((! (net_153 | (net_150 | net_158))) & ((! ((! net_115) & (! net_56))) & (! (! net_160)))))))) & (! net_70)),"['net_110', 'net_115', 'net_137', 'net_141', 'net_150', 'net_153', 'net_158', 'net_160', 'net_164', 'net_177', 'net_178', 'net_179', 'net_56', 'net_65', 'net_67', 'net_68', 'net_70']","[0.0084, 0.0022, 0.0046, 0.007, 0.0043, 0.0039, 0.0049, 0.0057, 0.0053, 0.0072, 0.0074, 0.0061, 0.0013, 0.1181, 0.134, 0.13, 0.1324]",0.03428235294117647,0.0061,17
0,U154,OA21X1,((! net_54) & (((! ((! ((! net_136) | (! net_165))) | ((! ((! net_140) | (! net_167))) | ((! (net_112 | net_68)) | (! ((! net_79) | ((! net_132) | (! net_133)))))))) & ((! (((! net_170) & (! net_52)) | (((! net_118) & (! net_64)) | ((! net_172) & (! net_60))))) & ((! ((! ((net_53 & net_82) | net_175)) & (! net_56))) & (! (! ((! net_107) | (! net_108))))))) | ((! net_170) & (! net_52)))),"['net_107', 'net_108', 'net_112', 'net_118', 'net_132', 'net_133', 'net_136', 'net_140', 'net_165', 'net_167', 'net_170', 'net_172', 'net_175', 'net_52', 'net_53', 'net_54', 'net_56', 'net_60', 'net_64', 'net_68', 'net_79', 'net_82']","[0.0313, 0.0322, 0.0308, 0.0319, 0.0132, 0.0139, 0.0298, 0.0303, 0.0318, 0.0305, 0.2249, 0.032, 0.0222, 0.2236, 0.0072, 0.3496, 0.022, 0.0327, 0.0291, 0.0306, 0.0138, 0.0083]",0.057804545454545456,0.03055,22
0,U155,INVX0,(! net_54),['net_54'],[1.0],1.0,1.0,1
0,U156,NAND3X0,((! (net_59 & ((! ((! net_179) | ((! net_178) | ((! net_110) | (! net_177))))) | (! ((! net_181) | (! net_59)))))) | ((! (((! ((! net_137) | ((! net_141) | ((! net_152) | (! net_164))))) & ((! (net_153 | (net_150 | ((! (! (net_59 & ((! ((! net_179) | ((! net_178) | ((! net_110) | (! net_177))))) | (! ((! net_181) | (! net_59))))))) & (! net_60))))) & ((! ((! net_115) & (! net_56))) & (! (! net_160))))) | ((! (! (net_59 & ((! ((! net_179) | ((! net_178) | ((! net_110) | (! net_177))))) | (! ((! net_181) | (! net_59))))))) & (! net_60)))) | (! (! net_62)))),"['net_110', 'net_115', 'net_137', 'net_141', 'net_150', 'net_152', 'net_153', 'net_160', 'net_164', 'net_177', 'net_178', 'net_179', 'net_181', 'net_56', 'net_59', 'net_60', 'net_62']","[0.0071, 0.0003, 0.001, 0.0013, 0.001, 0.0008, 0.0012, 0.0007, 0.0008, 0.0084, 0.0082, 0.008, 0.119, 0.0005, 0.1352, 0.1312, 0.1319]",0.03274117647058823,0.0013,17
0,U157,INVX0,(! net_62),['net_62'],[1.0],1.0,1.0,1
0,U158,OR2X1,(((! ((! ((! net_136) | (! net_165))) | ((! ((! net_140) | (! net_167))) | ((! (net_112 | net_68)) | (! ((! net_79) | ((! net_132) | (! net_133)))))))) & ((! (((! net_170) & (! net_52)) | (((! net_118) & (! net_64)) | ((! (! (net_59 & (net_111 | net_173)))) & (! net_60))))) & ((! ((! ((net_53 & net_82) | net_175)) & (! net_56))) & (! (! ((! net_107) | (! net_108))))))) | ((! (! (net_59 & (net_111 | net_173)))) & (! net_60))),"['net_107', 'net_108', 'net_111', 'net_112', 'net_118', 'net_132', 'net_133', 'net_136', 'net_140', 'net_165', 'net_167', 'net_170', 'net_173', 'net_175', 'net_52', 'net_53', 'net_56', 'net_59', 'net_60', 'net_64', 'net_68', 'net_79', 'net_82']","[0.0656, 0.0732, 0.1086, 0.0701, 0.07, 0.028, 0.0294, 0.0702, 0.067, 0.0686, 0.0675, 0.0657, 0.1088, 0.0471, 0.0682, 0.0165, 0.0497, 0.3268, 0.3317, 0.0677, 0.0676, 0.0267, 0.0151]",0.08303478260869565,0.0676,23
0,U159,NAND3X0,((! (((! net_46) | (! ((! (net_180 & ((net_130 | net_77) & (net_175 | net_53)))) | ((! ((! net_173) & ((! net_166) & (! net_171)))) | ((! (net_168 | net_69)) | (! ((! net_47) | net_46))))))) & (! (! net_47)))) | ((! (! net_50)) | (! ((! ((! (! net_48)) | (! (((! net_46) | (! ((! (net_180 & ((net_130 | net_77) & (net_175 | net_53)))) | ((! ((! net_173) & ((! net_166) & (! net_171)))) | ((! (net_168 | net_69)) | (! ((! net_47) | net_46))))))) & (! (! net_47)))))) | (! (! ((! net_163) & ((! net_162) & ((! net_143) & (! net_161)))))))))),"['net_130', 'net_143', 'net_161', 'net_162', 'net_163', 'net_166', 'net_168', 'net_171', 'net_173', 'net_175', 'net_180', 'net_46', 'net_47', 'net_48', 'net_50', 'net_53', 'net_69', 'net_77']","[0.0009, 0.0082, 0.009, 0.0072, 0.0083, 0.0032, 0.0012, 0.0033, 0.0031, 0.0005, 0.003, 0.1322, 0.1369, 0.1218, 0.1371, 0.0011, 0.0012, 0.0014]",0.0322,0.0032500000000000003,18
0,U160,INVX0,(! net_50),['net_50'],[1.0],1.0,1.0,1
0,U161,NAND2X0,((! ((! (! net_48)) | (! (((! net_46) | (! ((! net_179) | ((! net_178) | ((! net_110) | (! net_177)))))) & (! (! net_47)))))) | (! (! ((! ((! net_137) | ((! net_141) | ((! net_152) | (! net_164))))) & ((! (net_153 | (net_150 | net_158))) & ((! ((! net_115) & (! net_56))) & (! (! ((! (! net_48)) | (! (((! net_46) | (! ((! net_179) | ((! net_178) | ((! net_110) | (! net_177)))))) & (! (! net_47))))))))))))),"['net_110', 'net_115', 'net_137', 'net_141', 'net_150', 'net_152', 'net_153', 'net_158', 'net_164', 'net_177', 'net_178', 'net_179', 'net_46', 'net_47', 'net_48', 'net_56']","[0.0148, 0.0036, 0.0105, 0.01, 0.0106, 0.0093, 0.0094, 0.0106, 0.0101, 0.0168, 0.0153, 0.0154, 0.2276, 0.2593, 0.2696, 0.0033]",0.0560125,0.0106,16
0,U162,INVX0,(! ((! ((! ((! net_136) | (! net_165))) | ((! ((! net_140) | (! net_167))) | ((! (net_112 | net_68)) | (! ((! net_79) | ((! net_132) | (! net_133)))))))) & ((! (((! net_170) & (! net_52)) | (((! net_118) & (! net_64)) | ((! net_172) & (! net_60))))) & ((! ((! ((net_53 & net_82) | net_175)) & (! net_56))) & (! (! ((! net_107) | (! net_108)))))))),"['net_107', 'net_108', 'net_112', 'net_118', 'net_132', 'net_133', 'net_136', 'net_140', 'net_165', 'net_167', 'net_170', 'net_172', 'net_175', 'net_52', 'net_53', 'net_56', 'net_60', 'net_64', 'net_68', 'net_79', 'net_82']","[0.0663, 0.061, 0.0647, 0.0633, 0.0255, 0.0253, 0.0631, 0.0626, 0.0661, 0.0608, 0.0668, 0.061, 0.0424, 0.0667, 0.0133, 0.0481, 0.0653, 0.0664, 0.0654, 0.0249, 0.014]",0.052047619047619044,0.0626,21
0,U163,NOR4X0,((! ((! ((! (net_75 & (net_111 | net_166))) | (! (! net_76)))) | ((! ((! (((! net_110) | (! ((! net_179) | ((! net_178) | ((! net_110) | (! net_177)))))) & (! net_168))) | (! (! net_72)))) | ((! (((net_65 & ((! net_179) | ((! net_178) | ((! net_110) | (! net_177))))) | net_169) | net_68)) | (! ((! net_79) | ((! ((! net_77) | (! ((! net_179) | ((! net_178) | ((! net_110) | (! net_177))))))) | (! (! net_80))))))))) & ((! (((! (! net_145)) & (! net_52)) | (((! ((net_61 & ((! net_179) | ((! net_178) | ((! net_110) | (! net_177))))) | net_174)) & (! net_64)) | ((! (! net_157)) & (! net_60))))) & ((! ((! ((net_53 & ((! net_179) | ((! net_178) | ((! net_110) | (! net_177))))) | (! net_55))) & (! net_56))) & (! (! ((! (! net_48)) | (! (((! net_46) | (! ((! net_179) | ((! net_178) | ((! net_110) | (! net_177)))))) & (! net_176))))))))),"['net_110', 'net_111', 'net_145', 'net_157', 'net_166', 'net_168', 'net_169', 'net_174', 'net_176', 'net_177', 'net_178', 'net_179', 'net_46', 'net_48', 'net_52', 'net_53', 'net_55', 'net_56', 'net_60', 'net_61', 'net_64', 'net_65', 'net_68', 'net_72', 'net_75', 'net_76', 'net_77', 'net_79', 'net_80']","[0.0631, 0.0307, 0.1306, 0.1334, 0.0316, 0.0596, 0.0555, 0.0593, 0.0598, 0.0222, 0.0192, 0.0199, 0.0568, 0.0584, 0.1317, 0.0576, 0.0565, 0.062, 0.132, 0.053, 0.0628, 0.0505, 0.0538, 0.0638, 0.0901, 0.0886, 0.0559, 0.0547, 0.0569]",0.06448275862068965,0.0576,29
0,U164,NAND4X0,((! ((! (net_75 & ((! ((! net_179) | ((! net_178) | ((! ((! net_71) | net_69)) | (! net_177))))) | (! net_113)))) | (! (! net_76)))) | ((! ((! (((! ((! net_71) | net_69)) | (! ((! net_179) | ((! net_178) | ((! ((! net_71) | net_69)) | (! net_177)))))) & (! (! net_71)))) | (! (! net_72)))) | ((! (((net_65 & ((! net_179) | ((! net_178) | ((! ((! net_71) | net_69)) | (! net_177))))) | (! net_67)) | net_68)) | (! ((! net_79) | ((! ((! net_77) | (! ((! net_179) | ((! net_178) | ((! ((! net_71) | net_69)) | (! net_177))))))) | (! (! net_80)))))))),"['net_113', 'net_177', 'net_178', 'net_179', 'net_65', 'net_67', 'net_68', 'net_69', 'net_71', 'net_72', 'net_75', 'net_76', 'net_77', 'net_79', 'net_80']","[0.1511, 0.0606, 0.0606, 0.0618, 0.1513, 0.1716, 0.1687, 0.1511, 0.1813, 0.1816, 0.1711, 0.1732, 0.1517, 0.1674, 0.1747]",0.14518666666666666,0.1674,15
0,U165,NAND2X0,((! (net_75 & ((! ((! net_179) | ((! net_178) | ((! net_110) | (! net_177))))) | (! ((! net_183) | (! net_75)))))) | (! (! net_76))),"['net_110', 'net_177', 'net_178', 'net_179', 'net_183', 'net_75', 'net_76']","[0.015625, 0.015625, 0.015625, 0.015625, 0.234375, 0.265625, 0.265625]",0.11830357142857142,0.015625,7
0,U166,INVX0,(! net_76),['net_76'],[1.0],1.0,1.0,1
0,U167,OA21X1,(net_75 & ((! ((! (net_180 & ((net_130 | net_77) & (net_175 | net_53)))) | ((! ((! net_173) & ((! (! ((! (! net_73)) | (! net_75)))) & (! net_171)))) | ((! (net_168 | net_69)) | (! (net_176 | net_46)))))) | (! ((! (! net_73)) | (! net_75))))),"['net_130', 'net_168', 'net_171', 'net_173', 'net_175', 'net_176', 'net_180', 'net_46', 'net_53', 'net_69', 'net_73', 'net_75', 'net_77']","[0.006591796875, 0.006591796875, 0.019775390625, 0.019775390625, 0.006591796875, 0.006591796875, 0.019775390625, 0.006591796875, 0.006591796875, 0.006591796875, 0.480224609375, 0.519775390625, 0.006591796875]",0.08554311899038461,0.006591796875,13
0,U168,NAND2X0,((! (((! ((! net_71) | net_69)) | (! ((! (net_180 & ((net_130 | net_77) & (net_175 | net_53)))) | ((! ((! net_173) & ((! net_166) & (! net_171)))) | ((! ((! net_71) | net_69)) | (! (net_176 | net_46))))))) & (! (! net_71)))) | (! (! net_72))),"['net_130', 'net_166', 'net_171', 'net_173', 'net_175', 'net_176', 'net_180', 'net_46', 'net_53', 'net_69', 'net_71', 'net_72', 'net_77']","[0.002197265625, 0.006591796875, 0.006591796875, 0.006591796875, 0.002197265625, 0.002197265625, 0.006591796875, 0.002197265625, 0.002197265625, 0.243408203125, 0.256591796875, 0.256591796875, 0.002197265625]",0.06124173677884615,0.006591796875,13
0,U169,INVX0,(! net_72),['net_72'],[1.0],1.0,1.0,1
0,U170,AOI21X1,(((! ((! net_71) | net_69)) | (! ((! (((net_169 | net_65) & (net_174 | net_61)) & (((! net_79) | net_77) & ((! net_55) | net_53)))) | ((! ((! (! net_120)) & ((! (! net_113)) & (! (! net_117))))) | ((! ((! net_71) | net_69)) | (! ((! net_47) | net_46))))))) & (! (! net_71))),"['net_113', 'net_117', 'net_120', 'net_169', 'net_174', 'net_46', 'net_47', 'net_53', 'net_55', 'net_61', 'net_65', 'net_69', 'net_71', 'net_77', 'net_79']","[0.016, 0.0154, 0.0156, 0.0044, 0.0053, 0.0052, 0.0049, 0.0056, 0.0049, 0.0056, 0.0051, 0.4876, 0.5135, 0.005, 0.0044]",0.07323333333333333,0.0053,15
0,U171,OR2X1,(((net_65 & ((! (net_180 & ((net_130 | net_77) & (net_175 | net_53)))) | ((! ((! net_173) & ((! net_166) & (! net_171)))) | ((! (net_168 | net_69)) | (! (net_176 | net_46)))))) | (! net_67)) | net_68),"['net_130', 'net_166', 'net_168', 'net_171', 'net_173', 'net_175', 'net_176', 'net_180', 'net_46', 'net_53', 'net_65', 'net_67', 'net_68', 'net_69', 'net_77']","[0.0015, 0.0053, 0.0015, 0.0046, 0.0055, 0.0017, 0.0022, 0.0052, 0.0012, 0.0013, 0.2443, 0.2553, 0.2541, 0.0016, 0.0019]",0.05248,0.0022,15
0,U172,AO21X1,((net_65 & ((! ((((! net_67) | net_65) & (net_174 | net_61)) & (((! net_79) | net_77) & ((! net_55) | net_53)))) | ((! ((! (! net_120)) & ((! (! net_113)) & (! (! net_117))))) | ((! ((! net_71) | net_69)) | (! ((! net_47) | net_46)))))) | (! net_67)),"['net_113', 'net_117', 'net_120', 'net_174', 'net_46', 'net_47', 'net_53', 'net_55', 'net_61', 'net_65', 'net_67', 'net_69', 'net_71', 'net_77', 'net_79']","[0.0134, 0.0148, 0.015, 0.0054, 0.0047, 0.0055, 0.005, 0.0049, 0.0051, 0.4816, 0.5132, 0.0046, 0.0041, 0.0054, 0.0052]",0.07252666666666667,0.0054,15
0,U173,NAND3X0,((! net_79) | ((! ((! net_77) | (! ((! (net_180 & ((net_130 | net_77) & (net_175 | net_53)))) | ((! ((! net_173) & ((! net_166) & (! net_171)))) | ((! (net_168 | net_69)) | (! (net_176 | net_46)))))))) | (! (! net_80)))),"['net_130', 'net_166', 'net_168', 'net_171', 'net_173', 'net_175', 'net_176', 'net_180', 'net_46', 'net_53', 'net_69', 'net_77', 'net_79', 'net_80']","[0.0, 0.006591796875, 0.002197265625, 0.006591796875, 0.006591796875, 0.002197265625, 0.002197265625, 0.006591796875, 0.002197265625, 0.002197265625, 0.002197265625, 0.243408203125, 0.256591796875, 0.256591796875]",0.05686732700892857,0.00439453125,14
0,U174,INVX0,(! net_80),['net_80'],[1.0],1.0,1.0,1
0,U175,NAND2X0,((! net_77) | (! ((! (((net_169 | net_65) & (net_174 | net_61)) & (((! net_79) | net_77) & ((! net_55) | net_53)))) | ((! ((! (! net_120)) & ((! (! net_113)) & (! (! net_117))))) | ((! ((! net_71) | net_69)) | (! ((! net_47) | net_46))))))),"['net_113', 'net_117', 'net_120', 'net_169', 'net_174', 'net_46', 'net_47', 'net_53', 'net_55', 'net_61', 'net_65', 'net_69', 'net_71', 'net_77', 'net_79']","[0.027, 0.0292, 0.0308, 0.0099, 0.0107, 0.0108, 0.0097, 0.0094, 0.0108, 0.0096, 0.0102, 0.0091, 0.0094, 0.9704, 0.0]",0.07713333333333333,0.0102,15
0,U176,OR3X1,(((! (! (net_51 & (net_111 | net_171)))) & (! net_52)) | (((! ((net_61 & ((! net_179) | ((! net_178) | ((! net_110) | (! net_177))))) | (! net_63))) & (! net_64)) | ((! (! (net_59 & (net_111 | net_173)))) & (! net_60)))),"['net_110', 'net_111', 'net_171', 'net_173', 'net_177', 'net_178', 'net_179', 'net_51', 'net_52', 'net_59', 'net_60', 'net_61', 'net_63', 'net_64']","[0.0103759765625, 0.1761474609375, 0.0948486328125, 0.0948486328125, 0.0103759765625, 0.0103759765625, 0.0103759765625, 0.2574462890625, 0.2574462890625, 0.2574462890625, 0.2574462890625, 0.1556396484375, 0.1763916015625, 0.1763916015625]",0.13896833147321427,0.1658935546875,14
0,U177,NOR2X0,((! (! (net_51 & ((! net_82) | (! net_117))))) & (! net_52)),"['net_117', 'net_51', 'net_52', 'net_82']","[0.125, 0.375, 0.375, 0.125]",0.25,0.25,4
0,U178,INVX0,(! (net_51 & ((! ((! net_179) | ((! net_178) | ((! net_110) | (! net_177))))) | (! ((! net_182) | (! net_51)))))),"['net_110', 'net_177', 'net_178', 'net_179', 'net_182', 'net_51']","[0.03125, 0.03125, 0.03125, 0.03125, 0.46875, 0.53125]",0.1875,0.03125,6
0,U179,OA21X1,(net_51 & ((! ((! (net_180 & ((net_130 | net_77) & (net_175 | net_53)))) | ((! ((! net_173) & ((! net_166) & (! (! ((! (! net_49)) | (! net_51))))))) | ((! (net_168 | net_69)) | (! (net_176 | net_46)))))) | (! ((! (! net_49)) | (! net_51))))),"['net_130', 'net_166', 'net_168', 'net_173', 'net_175', 'net_176', 'net_180', 'net_46', 'net_49', 'net_51', 'net_53', 'net_69', 'net_77']","[0.006591796875, 0.019775390625, 0.006591796875, 0.019775390625, 0.006591796875, 0.006591796875, 0.019775390625, 0.006591796875, 0.480224609375, 0.519775390625, 0.006591796875, 0.006591796875, 0.006591796875]",0.08554311899038461,0.006591796875,13
0,U180,NOR2X0,((! (! (net_59 & ((! net_82) | (! net_120))))) & (! net_60)),"['net_120', 'net_59', 'net_60', 'net_82']","[0.125, 0.375, 0.375, 0.125]",0.25,0.25,4
0,U181,INVX0,(! (net_59 & ((! ((! net_179) | ((! net_178) | ((! net_110) | (! net_177))))) | (! ((! net_181) | (! net_59)))))),"['net_110', 'net_177', 'net_178', 'net_179', 'net_181', 'net_59']","[0.03125, 0.03125, 0.03125, 0.03125, 0.46875, 0.53125]",0.1875,0.03125,6
0,U182,OA21X1,(net_59 & ((! ((! (net_180 & ((net_130 | net_77) & (net_175 | net_53)))) | ((! ((! (! ((! (! net_57)) | (! net_59)))) & ((! net_166) & (! net_171)))) | ((! (net_168 | net_69)) | (! (net_176 | net_46)))))) | (! ((! (! net_57)) | (! net_59))))),"['net_130', 'net_166', 'net_168', 'net_171', 'net_175', 'net_176', 'net_180', 'net_46', 'net_53', 'net_57', 'net_59', 'net_69', 'net_77']","[0.006591796875, 0.019775390625, 0.006591796875, 0.019775390625, 0.006591796875, 0.006591796875, 0.019775390625, 0.006591796875, 0.006591796875, 0.480224609375, 0.519775390625, 0.006591796875, 0.006591796875]",0.08554311899038461,0.006591796875,13
0,U183,INVX0,(! ((! (((net_169 | net_65) & (net_174 | net_61)) & (((! net_79) | net_77) & ((! net_55) | net_53)))) | ((! ((! (! net_120)) & ((! (! net_113)) & (! (! net_117))))) | ((! ((! net_71) | net_69)) | (! ((! net_47) | net_46)))))),"['net_113', 'net_117', 'net_120', 'net_169', 'net_174', 'net_46', 'net_47', 'net_53', 'net_55', 'net_61', 'net_65', 'net_69', 'net_71', 'net_77', 'net_79']","[0.048, 0.0443, 0.0437, 0.015, 0.0155, 0.0152, 0.0161, 0.0148, 0.015, 0.0149, 0.0152, 0.0154, 0.0148, 0.0154, 0.0149]",0.021213333333333334,0.0152,15
0,U184,NOR2X0,((! ((net_61 & ((! (net_180 & ((net_130 | net_77) & (net_175 | net_53)))) | ((! ((! net_173) & ((! net_166) & (! net_171)))) | ((! (net_168 | net_69)) | (! (net_176 | net_46)))))) | (! net_63))) & (! net_64)),"['net_130', 'net_166', 'net_168', 'net_171', 'net_173', 'net_175', 'net_176', 'net_180', 'net_46', 'net_53', 'net_61', 'net_63', 'net_64', 'net_69', 'net_77']","[0.0018, 0.0052, 0.0018, 0.0045, 0.0051, 0.0021, 0.0021, 0.0043, 0.0017, 0.0018, 0.2476, 0.2511, 0.2526, 0.0014, 0.001]",0.05227333333333333,0.0021,15
0,U185,AO21X1,((net_61 & ((! (((net_169 | net_65) & ((! net_63) | net_61)) & (((! net_79) | net_77) & ((! net_55) | net_53)))) | ((! ((! (! net_120)) & ((! (! net_113)) & (! (! net_117))))) | ((! ((! net_71) | net_69)) | (! ((! net_47) | net_46)))))) | (! net_63)),"['net_113', 'net_117', 'net_120', 'net_169', 'net_46', 'net_47', 'net_53', 'net_55', 'net_61', 'net_63', 'net_65', 'net_69', 'net_71', 'net_77', 'net_79']","[0.0154, 0.014, 0.014, 0.0051, 0.0058, 0.0043, 0.0053, 0.0048, 0.4833, 0.5088, 0.0048, 0.005, 0.005, 0.0054, 0.0053]",0.07242,0.0053,15
0,U186,NOR2X0,((! ((net_53 & ((! (net_180 & ((net_130 | net_77) & ((! net_55) | net_53)))) | ((! ((! net_173) & ((! net_166) & (! net_171)))) | ((! (net_168 | net_69)) | (! (net_176 | net_46)))))) | (! net_55))) & (! net_56)),"['net_130', 'net_166', 'net_168', 'net_171', 'net_173', 'net_176', 'net_180', 'net_46', 'net_53', 'net_55', 'net_56', 'net_69', 'net_77']","[0.002197265625, 0.006591796875, 0.002197265625, 0.006591796875, 0.006591796875, 0.002197265625, 0.006591796875, 0.002197265625, 0.243408203125, 0.256591796875, 0.256591796875, 0.002197265625, 0.002197265625]",0.06124173677884615,0.006591796875,13
0,U187,AO21X1,((net_53 & ((! (((net_169 | net_65) & (net_174 | net_61)) & (((! net_79) | net_77) & ((! net_55) | net_53)))) | ((! ((! (! net_120)) & ((! (! net_113)) & (! (! net_117))))) | ((! ((! net_71) | net_69)) | (! ((! net_47) | net_46)))))) | (! net_55)),"['net_113', 'net_117', 'net_120', 'net_169', 'net_174', 'net_46', 'net_47', 'net_53', 'net_55', 'net_61', 'net_65', 'net_69', 'net_71', 'net_77', 'net_79']","[0.0143, 0.0153, 0.0144, 0.0053, 0.0052, 0.0051, 0.0054, 0.4851, 0.5112, 0.0062, 0.0053, 0.0048, 0.0046, 0.0044, 0.0048]",0.07275999999999999,0.0053,15
0,U188,INVX0,(! ((! (! net_48)) | (! (((! net_46) | (! ((! net_179) | ((! net_178) | ((! net_110) | (! net_177)))))) & (! (! net_47)))))),"['net_110', 'net_177', 'net_178', 'net_179', 'net_46', 'net_47', 'net_48']","[0.015625, 0.015625, 0.015625, 0.015625, 0.234375, 0.265625, 0.265625]",0.11830357142857142,0.015625,7
0,U189,NAND2X0,((! (! net_48)) | (! (((! net_46) | (! ((! (net_180 & ((net_130 | net_77) & (net_175 | net_53)))) | ((! ((! net_173) & ((! net_166) & (! net_171)))) | ((! (net_168 | net_69)) | (! ((! net_47) | net_46))))))) & (! (! net_47))))),"['net_130', 'net_166', 'net_168', 'net_171', 'net_173', 'net_175', 'net_180', 'net_46', 'net_47', 'net_48', 'net_53', 'net_69', 'net_77']","[0.002197265625, 0.006591796875, 0.002197265625, 0.006591796875, 0.006591796875, 0.002197265625, 0.006591796875, 0.243408203125, 0.256591796875, 0.256591796875, 0.002197265625, 0.002197265625, 0.002197265625]",0.06124173677884615,0.006591796875,13
0,U190,INVX0,(! net_48),['net_48'],[1.0],1.0,1.0,1
0,U191,AOI21X1,(((! net_46) | (! ((! (((net_169 | net_65) & (net_174 | net_61)) & (((! net_79) | net_77) & ((! net_55) | net_53)))) | ((! ((! (! net_120)) & ((! (! net_113)) & (! (! net_117))))) | ((! ((! net_71) | net_69)) | (! ((! net_47) | net_46))))))) & (! (! net_47))),"['net_113', 'net_117', 'net_120', 'net_169', 'net_174', 'net_46', 'net_47', 'net_53', 'net_55', 'net_61', 'net_65', 'net_69', 'net_71', 'net_77', 'net_79']","[0.0143, 0.0154, 0.0136, 0.0045, 0.0052, 0.485, 0.5106, 0.0049, 0.0046, 0.0041, 0.0038, 0.0053, 0.0048, 0.0052, 0.0045]",0.07238666666666667,0.0052,15
0,U192,NAND4X0,((! ((((! net_67) | net_65) & ((! net_63) | net_61)) & (((! net_79) | net_77) & ((! net_55) | net_53)))) | ((! ((! (! ((! net_181) | (! net_59)))) & ((! (! ((! net_183) | (! net_75)))) & (! (! ((! net_182) | (! net_51))))))) | ((! ((! net_71) | net_69)) | (! ((! net_47) | net_46))))),"['net_181', 'net_182', 'net_183', 'net_46', 'net_47', 'net_51', 'net_53', 'net_55', 'net_59', 'net_61', 'net_63', 'net_65', 'net_67', 'net_69', 'net_71', 'net_75', 'net_77', 'net_79']","[0.0534, 0.0505, 0.0497, 0.0482, 0.0472, 0.0511, 0.0525, 0.0473, 0.0504, 0.0489, 0.053, 0.0508, 0.049, 0.0518, 0.0496, 0.0497, 0.0505, 0.0523]",0.05032777777777778,0.05045,18
0,U193,OA221X1,((((! net_67) | net_65) & ((! net_63) | net_61)) & (((! net_79) | net_77) & ((! net_55) | net_53))),"['net_53', 'net_55', 'net_61', 'net_63', 'net_65', 'net_67', 'net_77', 'net_79']","[0.2109375, 0.2109375, 0.2109375, 0.2109375, 0.2109375, 0.2109375, 0.2109375, 0.2109375]",0.2109375,0.2109375,8
0,U194,OA22X1,(((! net_67) | net_65) & ((! net_63) | net_61)),"['net_61', 'net_63', 'net_65', 'net_67']","[0.375, 0.375, 0.375, 0.375]",0.375,0.375,4
0,U195,INVX0,(! net_67),['net_67'],[1.0],1.0,1.0,1
0,U196,INVX0,(! net_63),['net_63'],[1.0],1.0,1.0,1
0,U197,INVX0,(! net_79),['net_79'],[1.0],1.0,1.0,1
0,U198,INVX0,(! net_55),['net_55'],[1.0],1.0,1.0,1
0,U199,NOR3X0,((! (! ((! (! net_57)) | (! net_59)))) & ((! (! ((! (! net_73)) | (! net_75)))) & (! (! ((! (! net_49)) | (! net_51)))))),"['net_49', 'net_51', 'net_57', 'net_59', 'net_73', 'net_75']","[0.28125, 0.28125, 0.28125, 0.28125, 0.28125, 0.28125]",0.28125,0.28125,6
0,U200,INVX0,(! ((! (! net_57)) | (! net_59))),"['net_57', 'net_59']","[0.5, 0.5]",0.5,0.5,2
0,U201,NAND2X0,((! (! net_57)) | (! net_59)),"['net_57', 'net_59']","[0.5, 0.5]",0.5,0.5,2
0,U202,INVX0,(! net_57),['net_57'],[1.0],1.0,1.0,1
0,U203,INVX0,(! ((! (! net_49)) | (! net_51))),"['net_49', 'net_51']","[0.5, 0.5]",0.5,0.5,2
0,U204,NAND2X0,((! (! net_49)) | (! net_51)),"['net_49', 'net_51']","[0.5, 0.5]",0.5,0.5,2
0,U205,INVX0,(! net_49),['net_49'],[1.0],1.0,1.0,1
0,U206,INVX0,(! ((! (! net_73)) | (! net_75))),"['net_73', 'net_75']","[0.5, 0.5]",0.5,0.5,2
0,U207,NAND2X0,((! (! net_73)) | (! net_75)),"['net_73', 'net_75']","[0.5, 0.5]",0.5,0.5,2
0,U208,INVX0,(! net_73),['net_73'],[1.0],1.0,1.0,1
0,U209,OR2X1,((! net_71) | net_69),"['net_69', 'net_71']","[0.5, 0.5]",0.5,0.5,2
0,U210,INVX0,(! net_71),['net_71'],[1.0],1.0,1.0,1
0,U211,OR2X1,((! net_47) | net_46),"['net_46', 'net_47']","[0.5, 0.5]",0.5,0.5,2
0,U212,INVX0,(! net_47),['net_47'],[1.0],1.0,1.0,1
